Month of Death,Age at death,Last COVID-19 dose number,Days between last vaccination and death,Count
2019-07,0 to 20,0,N/A,109
2019-07,100+,0,N/A,28
2019-07,21 to 40,0,N/A,79
2019-07,41 to 60,0,N/A,288
2019-07,61 to 80,0,N/A,1168
2019-07,81 to 100,0,N/A,1727
2019-08,0 to 20,0,N/A,70
2019-08,100+,0,N/A,23
2019-08,21 to 40,0,N/A,89
2019-08,41 to 60,0,N/A,361
2019-08,61 to 80,0,N/A,1130
2019-08,81 to 100,0,N/A,1521
2019-09,0 to 20,0,N/A,93
2019-09,100+,0,N/A,15
2019-09,21 to 40,0,N/A,85
2019-09,41 to 60,0,N/A,284
2019-09,61 to 80,0,N/A,1091
2019-09,81 to 100,0,N/A,1411
2019-10,0 to 20,0,N/A,76
2019-10,100+,0,N/A,21
2019-10,21 to 40,0,N/A,81
2019-10,41 to 60,0,N/A,296
2019-10,61 to 80,0,N/A,1041
2019-10,81 to 100,0,N/A,1391
2019-11,0 to 20,0,N/A,74
2019-11,100+,0,N/A,21
2019-11,21 to 40,0,N/A,97
2019-11,41 to 60,0,N/A,300
2019-11,61 to 80,0,N/A,947
2019-11,81 to 100,0,N/A,1268
2019-12,0 to 20,0,N/A,105
2019-12,100+,0,N/A,13
2019-12,21 to 40,0,N/A,80
2019-12,41 to 60,0,N/A,322
2019-12,61 to 80,0,N/A,947
2019-12,81 to 100,0,N/A,1183
2020-01,0 to 20,0,N/A,75
2020-01,100+,0,N/A,19
2020-01,21 to 40,0,N/A,80
2020-01,41 to 60,0,N/A,330
2020-01,61 to 80,0,N/A,1017
2020-01,81 to 100,0,N/A,1250
2020-02,0 to 20,0,N/A,78
2020-02,100+,0,N/A,15
2020-02,21 to 40,0,N/A,78
2020-02,41 to 60,0,N/A,275
2020-02,61 to 80,0,N/A,918
2020-02,81 to 100,0,N/A,1188
2020-03,0 to 20,0,N/A,82
2020-03,100+,0,N/A,19
2020-03,21 to 40,0,N/A,84
2020-03,41 to 60,0,N/A,293
2020-03,61 to 80,0,N/A,1009
2020-03,81 to 100,0,N/A,1277
2020-04,0 to 20,0,N/A,74
2020-04,100+,0,N/A,15
2020-04,21 to 40,0,N/A,57
2020-04,41 to 60,0,N/A,288
2020-04,61 to 80,0,N/A,1008
2020-04,81 to 100,0,N/A,1302
2020-05,0 to 20,0,N/A,86
2020-05,100+,0,N/A,20
2020-05,21 to 40,0,N/A,70
2020-05,41 to 60,0,N/A,285
2020-05,61 to 80,0,N/A,1046
2020-05,81 to 100,0,N/A,1271
2020-06,0 to 20,0,N/A,90
2020-06,100+,0,N/A,15
2020-06,21 to 40,0,N/A,59
2020-06,41 to 60,0,N/A,285
2020-06,61 to 80,0,N/A,966
2020-06,81 to 100,0,N/A,1331
2020-07,0 to 20,0,N/A,89
2020-07,100+,0,N/A,18
2020-07,21 to 40,0,N/A,75
2020-07,41 to 60,0,N/A,295
2020-07,61 to 80,0,N/A,1101
2020-07,81 to 100,0,N/A,1404
2020-08,0 to 20,0,N/A,87
2020-08,100+,0,N/A,11
2020-08,21 to 40,0,N/A,82
2020-08,41 to 60,0,N/A,265
2020-08,61 to 80,0,N/A,1072
2020-08,81 to 100,0,N/A,1354
2020-09,0 to 20,0,N/A,88
2020-09,100+,0,N/A,12
2020-09,21 to 40,0,N/A,70
2020-09,41 to 60,0,N/A,292
2020-09,61 to 80,0,N/A,1031
2020-09,81 to 100,0,N/A,1223
2020-10,0 to 20,0,N/A,82
2020-10,100+,0,N/A,15
2020-10,21 to 40,0,N/A,84
2020-10,41 to 60,0,N/A,324
2020-10,61 to 80,0,N/A,1057
2020-10,81 to 100,0,N/A,1272
2020-11,0 to 20,0,N/A,68
2020-11,100+,0,N/A,17
2020-11,21 to 40,0,N/A,59
2020-11,41 to 60,0,N/A,312
2020-11,61 to 80,0,N/A,1025
2020-11,81 to 100,0,N/A,1214
2020-12,0 to 20,0,N/A,93
2020-12,100+,0,N/A,13
2020-12,21 to 40,0,N/A,81
2020-12,41 to 60,0,N/A,322
2020-12,61 to 80,0,N/A,1017
2020-12,81 to 100,0,N/A,1387
2021-01,0 to 20,0,N/A,88
2021-01,100+,0,N/A,17
2021-01,21 to 40,0,N/A,78
2021-01,41 to 60,0,N/A,304
2021-01,61 to 80,0,N/A,1079
2021-01,81 to 100,0,N/A,1351
2021-02,0 to 20,0,N/A,86
2021-02,100+,0,N/A,13
2021-02,21 to 40,0,N/A,78
2021-02,41 to 60,0,N/A,287
2021-02,61 to 80,0,N/A,890
2021-02,81 to 100,0,N/A,1181
2021-03,0 to 20,0,N/A,82
2021-03,100+,0,N/A,19
2021-03,21 to 40,0,N/A,97
2021-03,41 to 60,0,N/A,300
2021-03,41 to 60,1,<= 30,<5
2021-03,61 to 80,0,N/A,1049
2021-03,61 to 80,1,<= 30,<5
2021-03,81 to 100,0,N/A,1335
2021-04,0 to 20,0,N/A,93
2021-04,100+,0,N/A,15
2021-04,21 to 40,0,N/A,86
2021-04,41 to 60,0,N/A,292
2021-04,61 to 80,0,N/A,984
2021-04,61 to 80,1,<= 30,<5
2021-04,61 to 80,2,<= 30,<5
2021-04,81 to 100,0,N/A,1333
2021-04,81 to 100,1,<= 30,12
2021-05,0 to 20,0,N/A,84
2021-05,100+,0,N/A,14
2021-05,100+,1,<= 30,<5
2021-05,21 to 40,0,N/A,67
2021-05,21 to 40,1,<= 30,<5
2021-05,21 to 40,2,<= 90,<5
2021-05,41 to 60,0,N/A,311
2021-05,41 to 60,1,<= 30,<5
2021-05,41 to 60,1,<= 90,<5
2021-05,41 to 60,2,<= 30,<5
2021-05,41 to 60,2,<= 90,<5
2021-05,61 to 80,0,N/A,993
2021-05,61 to 80,1,<= 30,54
2021-05,61 to 80,1,<= 90,<5
2021-05,61 to 80,2,<= 30,11
2021-05,61 to 80,2,<= 90,<5
2021-05,81 to 100,0,N/A,1209
2021-05,81 to 100,1,<= 30,185
2021-05,81 to 100,1,<= 90,11
2021-05,81 to 100,2,<= 30,27
2021-05,81 to 100,2,<= 90,<5
2021-06,0 to 20,0,N/A,94
2021-06,0 to 20,2,<= 30,<5
2021-06,100+,0,N/A,14
2021-06,100+,1,<= 30,<5
2021-06,100+,1,<= 90,<5
2021-06,100+,2,<= 30,<5
2021-06,21 to 40,0,N/A,77
2021-06,21 to 40,1,<= 90,<5
2021-06,21 to 40,2,<= 90,<5
2021-06,41 to 60,0,N/A,279
2021-06,41 to 60,1,<= 30,<5
2021-06,41 to 60,1,<= 90,<5
2021-06,41 to 60,2,<= 30,<5
2021-06,61 to 80,0,N/A,855
2021-06,61 to 80,1,<= 180,<5
2021-06,61 to 80,1,<= 30,111
2021-06,61 to 80,1,<= 90,22
2021-06,61 to 80,2,<= 180,<5
2021-06,61 to 80,2,<= 30,75
2021-06,61 to 80,2,<= 90,14
2021-06,81 to 100,0,N/A,901
2021-06,81 to 100,1,<= 30,258
2021-06,81 to 100,1,<= 90,50
2021-06,81 to 100,2,<= 30,212
2021-06,81 to 100,2,<= 90,41
2021-07,0 to 20,0,N/A,95
2021-07,0 to 20,2,<= 90,<5
2021-07,100+,0,N/A,7
2021-07,100+,1,<= 30,<5
2021-07,100+,2,<= 30,9
2021-07,100+,2,<= 90,7
2021-07,21 to 40,0,N/A,72
2021-07,21 to 40,1,<= 30,<5
2021-07,21 to 40,2,<= 30,<5
2021-07,41 to 60,0,N/A,274
2021-07,41 to 60,1,<= 30,11
2021-07,41 to 60,1,<= 90,<5
2021-07,41 to 60,2,<= 30,6
2021-07,41 to 60,2,<= 90,10
2021-07,61 to 80,0,N/A,794
2021-07,61 to 80,1,<= 30,100
2021-07,61 to 80,1,<= 90,53
2021-07,61 to 80,2,<= 30,133
2021-07,61 to 80,2,<= 90,128
2021-07,81 to 100,0,N/A,742
2021-07,81 to 100,1,<= 30,143
2021-07,81 to 100,1,<= 90,103
2021-07,81 to 100,2,<= 180,<5
2021-07,81 to 100,2,<= 30,280
2021-07,81 to 100,2,<= 90,371
2021-08,0 to 20,0,N/A,97
2021-08,0 to 20,1,<= 30,<5
2021-08,100+,0,N/A,17
2021-08,100+,2,<= 30,<5
2021-08,100+,2,<= 90,10
2021-08,21 to 40,0,N/A,53
2021-08,21 to 40,1,<= 180,<5
2021-08,21 to 40,1,<= 30,<5
2021-08,21 to 40,2,<= 30,<5
2021-08,21 to 40,2,<= 90,<5
2021-08,41 to 60,0,N/A,236
2021-08,41 to 60,1,<= 30,25
2021-08,41 to 60,1,<= 90,6
2021-08,41 to 60,2,<= 180,<5
2021-08,41 to 60,2,<= 30,14
2021-08,41 to 60,2,<= 90,17
2021-08,61 to 80,0,N/A,670
2021-08,61 to 80,1,<= 180,<5
2021-08,61 to 80,1,<= 30,106
2021-08,61 to 80,1,<= 90,62
2021-08,61 to 80,2,<= 180,33
2021-08,61 to 80,2,<= 30,92
2021-08,61 to 80,2,<= 90,267
2021-08,81 to 100,0,N/A,602
2021-08,81 to 100,1,<= 180,6
2021-08,81 to 100,1,<= 30,108
2021-08,81 to 100,1,<= 90,102
2021-08,81 to 100,2,<= 180,61
2021-08,81 to 100,2,<= 30,147
2021-08,81 to 100,2,<= 90,646
2021-09,0 to 20,0,N/A,101
2021-09,0 to 20,1,<= 30,7
2021-09,0 to 20,1,<= 90,<5
2021-09,100+,0,N/A,<5
2021-09,100+,1,<= 180,<5
2021-09,100+,1,<= 30,<5
2021-09,100+,2,<= 180,8
2021-09,100+,2,<= 90,5
2021-09,21 to 40,0,N/A,52
2021-09,21 to 40,1,<= 30,11
2021-09,21 to 40,1,<= 90,<5
2021-09,21 to 40,2,<= 180,<5
2021-09,21 to 40,2,<= 30,<5
2021-09,21 to 40,2,<= 90,<5
2021-09,41 to 60,0,N/A,170
2021-09,41 to 60,1,<= 180,<5
2021-09,41 to 60,1,<= 30,35
2021-09,41 to 60,1,<= 90,17
2021-09,41 to 60,2,<= 180,12
2021-09,41 to 60,2,<= 30,37
2021-09,41 to 60,2,<= 90,28
2021-09,61 to 80,0,N/A,394
2021-09,61 to 80,1,<= 180,7
2021-09,61 to 80,1,<= 30,80
2021-09,61 to 80,1,<= 90,78
2021-09,61 to 80,2,<= 180,124
2021-09,61 to 80,2,<= 30,106
2021-09,61 to 80,2,<= 90,271
2021-09,61 to 80,3,<= 30,<5
2021-09,81 to 100,0,N/A,358
2021-09,81 to 100,1,<= 180,21
2021-09,81 to 100,1,<= 30,54
2021-09,81 to 100,1,<= 90,93
2021-09,81 to 100,2,<= 180,309
2021-09,81 to 100,2,<= 30,83
2021-09,81 to 100,2,<= 90,515
2021-09,81 to 100,3,<= 90,<5
2021-10,0 to 20,0,N/A,84
2021-10,0 to 20,1,<= 30,6
2021-10,0 to 20,1,<= 90,<5
2021-10,0 to 20,2,<= 30,5
2021-10,0 to 20,2,<= 90,<5
2021-10,100+,0,N/A,<5
2021-10,100+,1,<= 90,<5
2021-10,100+,2,<= 180,5
2021-10,100+,2,<= 90,<5
2021-10,21 to 40,0,N/A,43
2021-10,21 to 40,1,<= 30,8
2021-10,21 to 40,1,<= 90,9
2021-10,21 to 40,2,<= 180,<5
2021-10,21 to 40,2,<= 30,<5
2021-10,21 to 40,2,<= 90,10
2021-10,41 to 60,0,N/A,136
2021-10,41 to 60,1,<= 180,<5
2021-10,41 to 60,1,<= 30,21
2021-10,41 to 60,1,<= 90,29
2021-10,41 to 60,2,<= 180,24
2021-10,41 to 60,2,<= 30,45
2021-10,41 to 60,2,<= 90,54
2021-10,61 to 80,0,N/A,243
2021-10,61 to 80,1,<= 180,18
2021-10,61 to 80,1,<= 30,63
2021-10,61 to 80,1,<= 90,70
2021-10,61 to 80,2,<= 180,275
2021-10,61 to 80,2,<= 30,88
2021-10,61 to 80,2,<= 90,284
2021-10,81 to 100,0,N/A,238
2021-10,81 to 100,1,<= 180,27
2021-10,81 to 100,1,<= 30,49
2021-10,81 to 100,1,<= 90,64
2021-10,81 to 100,2,<= 180,653
2021-10,81 to 100,2,<= 30,74
2021-10,81 to 100,2,<= 365,<5
2021-10,81 to 100,2,<= 90,298
2021-11,0 to 20,0,N/A,66
2021-11,0 to 20,1,<= 30,<5
2021-11,0 to 20,1,<= 90,<5
2021-11,0 to 20,2,<= 30,<5
2021-11,0 to 20,2,<= 90,5
2021-11,100+,0,N/A,<5
2021-11,100+,1,<= 90,<5
2021-11,100+,2,<= 180,7
2021-11,21 to 40,0,N/A,28
2021-11,21 to 40,1,<= 30,10
2021-11,21 to 40,1,<= 90,<5
2021-11,21 to 40,2,<= 180,<5
2021-11,21 to 40,2,<= 30,11
2021-11,21 to 40,2,<= 365,<5
2021-11,21 to 40,2,<= 90,8
2021-11,41 to 60,0,N/A,92
2021-11,41 to 60,1,<= 180,<5
2021-11,41 to 60,1,<= 30,21
2021-11,41 to 60,1,<= 90,20
2021-11,41 to 60,2,<= 180,42
2021-11,41 to 60,2,<= 30,37
2021-11,41 to 60,2,<= 365,<5
2021-11,41 to 60,2,<= 90,90
2021-11,61 to 80,0,N/A,165
2021-11,61 to 80,1,<= 180,12
2021-11,61 to 80,1,<= 30,36
2021-11,61 to 80,1,<= 365,<5
2021-11,61 to 80,1,<= 90,49
2021-11,61 to 80,2,<= 180,412
2021-11,61 to 80,2,<= 30,83
2021-11,61 to 80,2,<= 365,24
2021-11,61 to 80,2,<= 90,261
2021-11,61 to 80,3,<= 30,<5
2021-11,61 to 80,3,<= 90,<5
2021-11,81 to 100,0,N/A,156
2021-11,81 to 100,1,<= 180,9
2021-11,81 to 100,1,<= 30,32
2021-11,81 to 100,1,<= 365,<5
2021-11,81 to 100,1,<= 90,29
2021-11,81 to 100,2,<= 180,730
2021-11,81 to 100,2,<= 30,71
2021-11,81 to 100,2,<= 365,54
2021-11,81 to 100,2,<= 90,253
2021-12,0 to 20,0,N/A,72
2021-12,0 to 20,1,<= 30,<5
2021-12,0 to 20,2,<= 180,<5
2021-12,0 to 20,2,<= 30,<5
2021-12,0 to 20,2,<= 90,5
2021-12,100+,0,N/A,<5
2021-12,100+,1,<= 30,<5
2021-12,100+,2,<= 180,10
2021-12,100+,2,<= 365,<5
2021-12,100+,2,<= 90,<5
2021-12,21 to 40,0,N/A,30
2021-12,21 to 40,1,<= 180,<5
2021-12,21 to 40,1,<= 30,7
2021-12,21 to 40,1,<= 90,<5
2021-12,21 to 40,2,<= 180,9
2021-12,21 to 40,2,<= 30,15
2021-12,21 to 40,2,<= 90,25
2021-12,21 to 40,3,<= 30,<5
2021-12,41 to 60,0,N/A,47
2021-12,41 to 60,1,<= 180,<5
2021-12,41 to 60,1,<= 30,9
2021-12,41 to 60,1,<= 90,15
2021-12,41 to 60,2,<= 180,76
2021-12,41 to 60,2,<= 30,24
2021-12,41 to 60,2,<= 365,14
2021-12,41 to 60,2,<= 90,92
2021-12,41 to 60,3,<= 30,9
2021-12,41 to 60,3,<= 90,<5
2021-12,61 to 80,0,N/A,148
2021-12,61 to 80,1,<= 180,7
2021-12,61 to 80,1,<= 30,19
2021-12,61 to 80,1,<= 90,22
2021-12,61 to 80,2,<= 180,472
2021-12,61 to 80,2,<= 30,42
2021-12,61 to 80,2,<= 365,91
2021-12,61 to 80,2,<= 90,204
2021-12,61 to 80,3,<= 30,69
2021-12,61 to 80,3,<= 90,14
2021-12,81 to 100,0,N/A,118
2021-12,81 to 100,1,<= 180,<5
2021-12,81 to 100,1,<= 30,17
2021-12,81 to 100,1,<= 365,5
2021-12,81 to 100,1,<= 90,20
2021-12,81 to 100,2,<= 180,662
2021-12,81 to 100,2,<= 30,35
2021-12,81 to 100,2,<= 365,213
2021-12,81 to 100,2,<= 90,142
2021-12,81 to 100,3,<= 30,119
2021-12,81 to 100,3,<= 90,<5
2022-01,0 to 20,0,N/A,60
2022-01,0 to 20,1,<= 90,<5
2022-01,0 to 20,2,<= 180,<5
2022-01,0 to 20,2,<= 30,<5
2022-01,0 to 20,2,<= 90,5
2022-01,100+,0,N/A,<5
2022-01,100+,2,<= 180,<5
2022-01,100+,2,<= 365,<5
2022-01,100+,2,<= 90,<5
2022-01,100+,3,<= 30,7
2022-01,100+,3,<= 90,<5
2022-01,21 to 40,0,N/A,16
2022-01,21 to 40,1,<= 180,<5
2022-01,21 to 40,1,<= 30,<5
2022-01,21 to 40,1,<= 90,<5
2022-01,21 to 40,2,<= 180,18
2022-01,21 to 40,2,<= 30,5
2022-01,21 to 40,2,<= 365,<5
2022-01,21 to 40,2,<= 90,28
2022-01,21 to 40,3,<= 30,<5
2022-01,21 to 40,3,<= 90,<5
2022-01,41 to 60,0,N/A,46
2022-01,41 to 60,1,<= 180,5
2022-01,41 to 60,1,<= 30,<5
2022-01,41 to 60,1,<= 90,9
2022-01,41 to 60,2,<= 180,99
2022-01,41 to 60,2,<= 30,15
2022-01,41 to 60,2,<= 365,16
2022-01,41 to 60,2,<= 90,87
2022-01,41 to 60,3,<= 30,15
2022-01,41 to 60,3,<= 90,27
2022-01,61 to 80,0,N/A,85
2022-01,61 to 80,1,<= 180,<5
2022-01,61 to 80,1,<= 30,<5
2022-01,61 to 80,1,<= 365,<5
2022-01,61 to 80,1,<= 90,19
2022-01,61 to 80,2,<= 180,391
2022-01,61 to 80,2,<= 30,19
2022-01,61 to 80,2,<= 365,164
2022-01,61 to 80,2,<= 90,143
2022-01,61 to 80,3,<= 180,<5
2022-01,61 to 80,3,<= 30,132
2022-01,61 to 80,3,<= 90,105
2022-01,81 to 100,0,N/A,79
2022-01,81 to 100,1,<= 180,6
2022-01,81 to 100,1,<= 30,12
2022-01,81 to 100,1,<= 365,<5
2022-01,81 to 100,1,<= 90,16
2022-01,81 to 100,2,<= 180,373
2022-01,81 to 100,2,<= 30,12
2022-01,81 to 100,2,<= 365,277
2022-01,81 to 100,2,<= 90,131
2022-01,81 to 100,3,<= 30,245
2022-01,81 to 100,3,<= 90,187
2022-02,0 to 20,0,N/A,61
2022-02,0 to 20,1,<= 30,<5
2022-02,0 to 20,1,<= 90,<5
2022-02,0 to 20,2,<= 180,5
2022-02,0 to 20,2,<= 30,<5
2022-02,0 to 20,2,<= 90,5
2022-02,100+,2,<= 180,<5
2022-02,100+,2,<= 365,<5
2022-02,100+,2,<= 90,<5
2022-02,100+,3,<= 30,<5
2022-02,100+,3,<= 90,7
2022-02,21 to 40,0,N/A,6
2022-02,21 to 40,1,<= 180,<5
2022-02,21 to 40,1,<= 30,<5
2022-02,21 to 40,1,<= 90,5
2022-02,21 to 40,2,<= 180,25
2022-02,21 to 40,2,<= 30,<5
2022-02,21 to 40,2,<= 365,<5
2022-02,21 to 40,2,<= 90,22
2022-02,21 to 40,3,<= 180,<5
2022-02,21 to 40,3,<= 30,<5
2022-02,21 to 40,3,<= 90,7
2022-02,41 to 60,0,N/A,36
2022-02,41 to 60,1,<= 180,9
2022-02,41 to 60,1,<= 30,<5
2022-02,41 to 60,1,<= 90,9
2022-02,41 to 60,2,<= 180,97
2022-02,41 to 60,2,<= 30,<5
2022-02,41 to 60,2,<= 365,13
2022-02,41 to 60,2,<= 90,34
2022-02,41 to 60,3,<= 180,5
2022-02,41 to 60,3,<= 30,44
2022-02,41 to 60,3,<= 90,37
2022-02,61 to 80,0,N/A,72
2022-02,61 to 80,1,<= 180,6
2022-02,61 to 80,1,<= 30,5
2022-02,61 to 80,1,<= 365,<5
2022-02,61 to 80,1,<= 90,7
2022-02,61 to 80,2,<= 180,218
2022-02,61 to 80,2,<= 30,9
2022-02,61 to 80,2,<= 365,109
2022-02,61 to 80,2,<= 90,43
2022-02,61 to 80,3,<= 180,7
2022-02,61 to 80,3,<= 30,214
2022-02,61 to 80,3,<= 90,271
2022-02,61 to 80,4,<= 30,<5
2022-02,81 to 100,0,N/A,64
2022-02,81 to 100,1,<= 180,<5
2022-02,81 to 100,1,<= 30,<5
2022-02,81 to 100,1,<= 365,<5
2022-02,81 to 100,1,<= 90,5
2022-02,81 to 100,2,<= 180,169
2022-02,81 to 100,2,<= 30,6
2022-02,81 to 100,2,<= 365,129
2022-02,81 to 100,2,<= 90,63
2022-02,81 to 100,3,<= 180,12
2022-02,81 to 100,3,<= 30,324
2022-02,81 to 100,3,<= 90,476
2022-03,0 to 20,0,N/A,48
2022-03,0 to 20,2,<= 180,<5
2022-03,0 to 20,2,<= 30,<5
2022-03,0 to 20,2,<= 90,<5
2022-03,0 to 20,3,<= 30,<5
2022-03,0 to 20,3,<= 90,<5
2022-03,100+,0,N/A,6
2022-03,100+,2,<= 180,<5
2022-03,100+,2,<= 365,<5
2022-03,100+,3,<= 180,7
2022-03,100+,3,<= 90,7
2022-03,21 to 40,0,N/A,14
2022-03,21 to 40,1,<= 180,<5
2022-03,21 to 40,1,<= 90,<5
2022-03,21 to 40,2,<= 180,28
2022-03,21 to 40,2,<= 30,<5
2022-03,21 to 40,2,<= 365,<5
2022-03,21 to 40,2,<= 90,8
2022-03,21 to 40,3,<= 180,<5
2022-03,21 to 40,3,<= 30,10
2022-03,21 to 40,3,<= 90,13
2022-03,41 to 60,0,N/A,44
2022-03,41 to 60,1,<= 180,<5
2022-03,41 to 60,1,<= 365,<5
2022-03,41 to 60,1,<= 90,<5
2022-03,41 to 60,2,<= 180,75
2022-03,41 to 60,2,<= 30,<5
2022-03,41 to 60,2,<= 365,17
2022-03,41 to 60,2,<= 90,15
2022-03,41 to 60,3,<= 180,21
2022-03,41 to 60,3,<= 30,45
2022-03,41 to 60,3,<= 90,95
2022-03,41 to 60,4,<= 30,<5
2022-03,61 to 80,0,N/A,93
2022-03,61 to 80,1,<= 180,11
2022-03,61 to 80,1,<= 30,6
2022-03,61 to 80,1,<= 365,6
2022-03,61 to 80,1,<= 90,5
2022-03,61 to 80,2,<= 180,164
2022-03,61 to 80,2,<= 30,<5
2022-03,61 to 80,2,<= 365,87
2022-03,61 to 80,2,<= 90,27
2022-03,61 to 80,3,<= 180,123
2022-03,61 to 80,3,<= 30,93
2022-03,61 to 80,3,<= 90,550
2022-03,61 to 80,4,<= 30,13
2022-03,61 to 80,4,<= 90,<5
2022-03,81 to 100,0,N/A,111
2022-03,81 to 100,1,<= 180,11
2022-03,81 to 100,1,<= 30,<5
2022-03,81 to 100,1,<= 365,<5
2022-03,81 to 100,1,<= 90,5
2022-03,81 to 100,2,<= 180,132
2022-03,81 to 100,2,<= 30,<5
2022-03,81 to 100,2,<= 365,108
2022-03,81 to 100,2,<= 90,44
2022-03,81 to 100,3,<= 180,227
2022-03,81 to 100,3,<= 30,123
2022-03,81 to 100,3,<= 365,<5
2022-03,81 to 100,3,<= 90,870
2022-03,81 to 100,4,<= 30,<5
2022-03,81 to 100,4,<= 90,<5
2022-04,0 to 20,0,N/A,62
2022-04,0 to 20,2,<= 180,6
2022-04,0 to 20,2,<= 365,<5
2022-04,0 to 20,2,<= 90,<5
2022-04,0 to 20,3,<= 90,<5
2022-04,100+,0,N/A,<5
2022-04,100+,1,<= 365,<5
2022-04,100+,2,<= 180,<5
2022-04,100+,2,<= 365,<5
2022-04,100+,3,<= 180,<5
2022-04,100+,3,<= 90,8
2022-04,21 to 40,0,N/A,15
2022-04,21 to 40,1,<= 180,5
2022-04,21 to 40,1,<= 90,<5
2022-04,21 to 40,2,<= 180,27
2022-04,21 to 40,2,<= 365,5
2022-04,21 to 40,2,<= 90,<5
2022-04,21 to 40,3,<= 180,5
2022-04,21 to 40,3,<= 30,<5
2022-04,21 to 40,3,<= 90,19
2022-04,21 to 40,4,<= 90,<5
2022-04,41 to 60,0,N/A,36
2022-04,41 to 60,1,<= 180,<5
2022-04,41 to 60,1,<= 365,<5
2022-04,41 to 60,1,<= 90,5
2022-04,41 to 60,2,<= 180,53
2022-04,41 to 60,2,<= 30,<5
2022-04,41 to 60,2,<= 365,19
2022-04,41 to 60,2,<= 90,5
2022-04,41 to 60,3,<= 180,52
2022-04,41 to 60,3,<= 30,<5
2022-04,41 to 60,3,<= 90,109
2022-04,41 to 60,4,<= 30,<5
2022-04,41 to 60,4,<= 90,<5
2022-04,61 to 80,0,N/A,91
2022-04,61 to 80,1,<= 180,10
2022-04,61 to 80,1,<= 30,<5
2022-04,61 to 80,1,<= 365,<5
2022-04,61 to 80,1,<= 90,<5
2022-04,61 to 80,2,<= 180,95
2022-04,61 to 80,2,<= 30,<5
2022-04,61 to 80,2,<= 365,80
2022-04,61 to 80,2,<= 90,13
2022-04,61 to 80,3,<= 180,384
2022-04,61 to 80,3,<= 30,29
2022-04,61 to 80,3,<= 365,<5
2022-04,61 to 80,3,<= 90,420
2022-04,61 to 80,4,<= 30,16
2022-04,61 to 80,4,<= 90,22
2022-04,81 to 100,0,N/A,98
2022-04,81 to 100,1,<= 180,6
2022-04,81 to 100,1,<= 30,<5
2022-04,81 to 100,1,<= 365,8
2022-04,81 to 100,1,<= 90,5
2022-04,81 to 100,2,<= 180,72
2022-04,81 to 100,2,<= 30,<5
2022-04,81 to 100,2,<= 365,75
2022-04,81 to 100,2,<= 90,13
2022-04,81 to 100,3,<= 180,640
2022-04,81 to 100,3,<= 30,22
2022-04,81 to 100,3,<= 90,593
2022-04,81 to 100,4,<= 30,<5
2022-04,81 to 100,4,<= 90,<5
2022-05,0 to 20,0,N/A,75
2022-05,0 to 20,1,<= 180,<5
2022-05,0 to 20,1,<= 90,<5
2022-05,0 to 20,2,<= 180,<5
2022-05,0 to 20,2,<= 30,<5
2022-05,0 to 20,2,<= 365,7
2022-05,0 to 20,3,<= 180,<5
2022-05,0 to 20,3,<= 90,<5
2022-05,100+,0,N/A,<5
2022-05,100+,2,<= 180,5
2022-05,100+,3,<= 180,13
2022-05,100+,3,<= 90,<5
2022-05,21 to 40,0,N/A,12
2022-05,21 to 40,1,<= 180,<5
2022-05,21 to 40,1,<= 365,<5
2022-05,21 to 40,2,<= 180,15
2022-05,21 to 40,2,<= 365,9
2022-05,21 to 40,2,<= 90,<5
2022-05,21 to 40,3,<= 180,11
2022-05,21 to 40,3,<= 90,16
2022-05,41 to 60,0,N/A,56
2022-05,41 to 60,1,<= 180,<5
2022-05,41 to 60,1,<= 365,<5
2022-05,41 to 60,2,<= 180,40
2022-05,41 to 60,2,<= 365,57
2022-05,41 to 60,2,<= 90,6
2022-05,41 to 60,3,<= 180,129
2022-05,41 to 60,3,<= 365,5
2022-05,41 to 60,3,<= 90,54
2022-05,41 to 60,4,<= 180,<5
2022-05,41 to 60,4,<= 30,<5
2022-05,41 to 60,4,<= 90,8
2022-05,61 to 80,0,N/A,86
2022-05,61 to 80,1,<= 180,<5
2022-05,61 to 80,2,366 +,<5
2022-05,61 to 80,2,<= 180,45
2022-05,61 to 80,2,<= 365,115
2022-05,61 to 80,2,<= 90,7
2022-05,61 to 80,3,<= 180,773
2022-05,61 to 80,3,<= 30,<5
2022-05,61 to 80,3,<= 365,12
2022-05,61 to 80,3,<= 90,137
2022-05,61 to 80,4,<= 180,<5
2022-05,61 to 80,4,<= 30,5
2022-05,61 to 80,4,<= 90,47
2022-05,81 to 100,0,N/A,79
2022-05,81 to 100,1,366 +,<5
2022-05,81 to 100,1,<= 180,5
2022-05,81 to 100,1,<= 365,<5
2022-05,81 to 100,1,<= 90,<5
2022-05,81 to 100,2,<= 180,57
2022-05,81 to 100,2,<= 365,105
2022-05,81 to 100,2,<= 90,21
2022-05,81 to 100,3,<= 180,1200
2022-05,81 to 100,3,<= 30,15
2022-05,81 to 100,3,<= 365,8
2022-05,81 to 100,3,<= 90,167
2022-05,81 to 100,4,<= 180,<5
2022-05,81 to 100,4,<= 30,<5
2022-05,81 to 100,4,<= 90,7
2022-06,0 to 20,0,N/A,57
2022-06,0 to 20,1,<= 180,<5
2022-06,0 to 20,2,366 +,<5
2022-06,0 to 20,2,<= 180,<5
2022-06,0 to 20,2,<= 365,7
2022-06,0 to 20,3,<= 180,6
2022-06,0 to 20,3,<= 90,<5
2022-06,100+,0,N/A,<5
2022-06,100+,2,<= 180,<5
2022-06,100+,2,<= 365,<5
2022-06,100+,3,<= 180,10
2022-06,100+,3,<= 365,7
2022-06,21 to 40,0,N/A,27
2022-06,21 to 40,1,<= 180,<5
2022-06,21 to 40,1,<= 365,<5
2022-06,21 to 40,2,<= 180,10
2022-06,21 to 40,2,<= 30,<5
2022-06,21 to 40,2,<= 365,15
2022-06,21 to 40,2,<= 90,<5
2022-06,21 to 40,3,<= 180,22
2022-06,21 to 40,3,<= 365,<5
2022-06,21 to 40,3,<= 90,<5
2022-06,21 to 40,4,<= 30,<5
2022-06,41 to 60,0,N/A,37
2022-06,41 to 60,1,<= 365,<5
2022-06,41 to 60,1,<= 90,<5
2022-06,41 to 60,2,366 +,<5
2022-06,41 to 60,2,<= 180,20
2022-06,41 to 60,2,<= 30,<5
2022-06,41 to 60,2,<= 365,68
2022-06,41 to 60,3,<= 180,178
2022-06,41 to 60,3,<= 30,<5
2022-06,41 to 60,3,<= 365,12
2022-06,41 to 60,3,<= 90,9
2022-06,41 to 60,4,<= 180,8
2022-06,41 to 60,4,<= 90,6
2022-06,61 to 80,0,N/A,87
2022-06,61 to 80,1,366 +,<5
2022-06,61 to 80,1,<= 180,<5
2022-06,61 to 80,1,<= 365,8
2022-06,61 to 80,1,<= 90,<5
2022-06,61 to 80,2,366 +,5
2022-06,61 to 80,2,<= 180,21
2022-06,61 to 80,2,<= 365,137
2022-06,61 to 80,2,<= 90,<5
2022-06,61 to 80,3,<= 180,813
2022-06,61 to 80,3,<= 30,<5
2022-06,61 to 80,3,<= 365,97
2022-06,61 to 80,3,<= 90,32
2022-06,61 to 80,4,<= 180,32
2022-06,61 to 80,4,<= 30,<5
2022-06,61 to 80,4,<= 90,28
2022-06,81 to 100,0,N/A,94
2022-06,81 to 100,1,<= 180,8
2022-06,81 to 100,1,<= 30,<5
2022-06,81 to 100,1,<= 365,6
2022-06,81 to 100,1,<= 90,<5
2022-06,81 to 100,2,366 +,5
2022-06,81 to 100,2,<= 180,29
2022-06,81 to 100,2,<= 365,96
2022-06,81 to 100,2,<= 90,<5
2022-06,81 to 100,3,<= 180,1207
2022-06,81 to 100,3,<= 30,6
2022-06,81 to 100,3,<= 365,227
2022-06,81 to 100,3,<= 90,51
2022-06,81 to 100,4,<= 180,<5
2022-06,81 to 100,4,<= 30,<5
2022-06,81 to 100,4,<= 90,7
2022-07,0 to 20,0,N/A,71
2022-07,0 to 20,2,<= 180,<5
2022-07,0 to 20,2,<= 365,<5
2022-07,0 to 20,3,<= 180,<5
2022-07,0 to 20,3,<= 365,<5
2022-07,100+,0,N/A,<5
2022-07,100+,2,366 +,<5
2022-07,100+,2,<= 365,<5
2022-07,100+,3,<= 180,13
2022-07,100+,3,<= 30,<5
2022-07,100+,3,<= 365,10
2022-07,100+,3,<= 90,<5
2022-07,100+,4,<= 30,<5
2022-07,100+,4,<= 90,<5
2022-07,21 to 40,0,N/A,9
2022-07,21 to 40,1,<= 180,<5
2022-07,21 to 40,1,<= 365,<5
2022-07,21 to 40,2,366 +,<5
2022-07,21 to 40,2,<= 180,6
2022-07,21 to 40,2,<= 365,33
2022-07,21 to 40,3,<= 180,25
2022-07,21 to 40,3,<= 365,<5
2022-07,21 to 40,3,<= 90,<5
2022-07,21 to 40,4,<= 180,<5
2022-07,21 to 40,4,<= 30,<5
2022-07,41 to 60,0,N/A,58
2022-07,41 to 60,1,<= 180,<5
2022-07,41 to 60,1,<= 365,<5
2022-07,41 to 60,2,366 +,<5
2022-07,41 to 60,2,<= 180,15
2022-07,41 to 60,2,<= 365,61
2022-07,41 to 60,2,<= 90,<5
2022-07,41 to 60,3,<= 180,137
2022-07,41 to 60,3,<= 30,<5
2022-07,41 to 60,3,<= 365,38
2022-07,41 to 60,3,<= 90,<5
2022-07,41 to 60,4,<= 180,7
2022-07,41 to 60,4,<= 30,<5
2022-07,41 to 60,4,<= 90,<5
2022-07,61 to 80,0,N/A,105
2022-07,61 to 80,1,<= 180,5
2022-07,61 to 80,1,<= 30,<5
2022-07,61 to 80,1,<= 365,10
2022-07,61 to 80,2,366 +,10
2022-07,61 to 80,2,<= 180,11
2022-07,61 to 80,2,<= 365,125
2022-07,61 to 80,2,<= 90,<5
2022-07,61 to 80,3,<= 180,585
2022-07,61 to 80,3,<= 30,<5
2022-07,61 to 80,3,<= 365,391
2022-07,61 to 80,3,<= 90,8
2022-07,61 to 80,4,<= 180,44
2022-07,61 to 80,4,<= 30,46
2022-07,61 to 80,4,<= 90,8
2022-07,61 to 80,5,<= 30,<5
2022-07,81 to 100,0,N/A,103
2022-07,81 to 100,1,366 +,<5
2022-07,81 to 100,1,<= 180,5
2022-07,81 to 100,1,<= 365,6
2022-07,81 to 100,1,<= 90,<5
2022-07,81 to 100,2,366 +,17
2022-07,81 to 100,2,<= 180,20
2022-07,81 to 100,2,<= 30,<5
2022-07,81 to 100,2,<= 365,106
2022-07,81 to 100,2,<= 90,<5
2022-07,81 to 100,3,<= 180,833
2022-07,81 to 100,3,<= 30,6
2022-07,81 to 100,3,<= 365,826
2022-07,81 to 100,3,<= 90,18
2022-07,81 to 100,4,<= 180,13
2022-07,81 to 100,4,<= 30,114
2022-07,81 to 100,4,<= 365,<5
2022-07,81 to 100,4,<= 90,8
2022-08,0 to 20,0,N/A,55
2022-08,0 to 20,1,<= 365,<5
2022-08,0 to 20,1,<= 90,<5
2022-08,0 to 20,2,<= 180,<5
2022-08,0 to 20,2,<= 365,8
2022-08,0 to 20,3,<= 180,<5
2022-08,0 to 20,3,<= 365,<5
2022-08,100+,0,N/A,<5
2022-08,100+,2,<= 180,<5
2022-08,100+,2,<= 365,<5
2022-08,100+,3,<= 365,12
2022-08,100+,4,<= 30,6
2022-08,100+,4,<= 90,<5
2022-08,21 to 40,0,N/A,15
2022-08,21 to 40,1,<= 180,<5
2022-08,21 to 40,1,<= 365,<5
2022-08,21 to 40,2,<= 180,<5
2022-08,21 to 40,2,<= 365,18
2022-08,21 to 40,2,<= 90,<5
2022-08,21 to 40,3,<= 180,12
2022-08,21 to 40,3,<= 30,<5
2022-08,21 to 40,3,<= 365,10
2022-08,21 to 40,4,<= 30,<5
2022-08,21 to 40,4,<= 90,<5
2022-08,41 to 60,0,N/A,52
2022-08,41 to 60,1,366 +,<5
2022-08,41 to 60,1,<= 30,<5
2022-08,41 to 60,1,<= 365,<5
2022-08,41 to 60,2,366 +,<5
2022-08,41 to 60,2,<= 180,<5
2022-08,41 to 60,2,<= 365,64
2022-08,41 to 60,3,<= 180,46
2022-08,41 to 60,3,<= 30,<5
2022-08,41 to 60,3,<= 365,121
2022-08,41 to 60,3,<= 90,<5
2022-08,41 to 60,4,<= 180,10
2022-08,41 to 60,4,<= 30,12
2022-08,41 to 60,4,<= 365,<5
2022-08,41 to 60,4,<= 90,<5
2022-08,61 to 80,0,N/A,113
2022-08,61 to 80,1,366 +,<5
2022-08,61 to 80,1,<= 180,<5
2022-08,61 to 80,1,<= 365,6
2022-08,61 to 80,2,366 +,18
2022-08,61 to 80,2,<= 180,6
2022-08,61 to 80,2,<= 365,109
2022-08,61 to 80,3,<= 180,186
2022-08,61 to 80,3,<= 30,<5
2022-08,61 to 80,3,<= 365,593
2022-08,61 to 80,3,<= 90,7
2022-08,61 to 80,4,<= 180,62
2022-08,61 to 80,4,<= 30,108
2022-08,61 to 80,4,<= 365,8
2022-08,61 to 80,4,<= 90,88
2022-08,61 to 80,5,<= 30,<5
2022-08,81 to 100,0,N/A,77
2022-08,81 to 100,1,366 +,<5
2022-08,81 to 100,1,<= 180,5
2022-08,81 to 100,1,<= 365,<5
2022-08,81 to 100,1,<= 90,<5
2022-08,81 to 100,2,366 +,15
2022-08,81 to 100,2,<= 180,<5
2022-08,81 to 100,2,<= 365,79
2022-08,81 to 100,3,<= 180,178
2022-08,81 to 100,3,<= 30,7
2022-08,81 to 100,3,<= 365,982
2022-08,81 to 100,3,<= 90,11
2022-08,81 to 100,4,<= 180,17
2022-08,81 to 100,4,<= 30,230
2022-08,81 to 100,4,<= 365,<5
2022-08,81 to 100,4,<= 90,152
2022-08,81 to 100,5,<= 180,<5
2022-09,0 to 20,0,N/A,62
2022-09,0 to 20,1,<= 365,<5
2022-09,0 to 20,2,366 +,<5
2022-09,0 to 20,2,<= 180,<5
2022-09,0 to 20,2,<= 365,5
2022-09,0 to 20,3,<= 180,<5
2022-09,0 to 20,3,<= 365,<5
2022-09,100+,0,N/A,<5
2022-09,100+,3,<= 365,10
2022-09,100+,4,<= 30,<5
2022-09,100+,4,<= 90,<5
2022-09,21 to 40,0,N/A,13
2022-09,21 to 40,1,<= 180,<5
2022-09,21 to 40,1,<= 365,<5
2022-09,21 to 40,2,<= 180,<5
2022-09,21 to 40,2,<= 365,22
2022-09,21 to 40,2,<= 90,<5
2022-09,21 to 40,3,<= 180,<5
2022-09,21 to 40,3,<= 30,<5
2022-09,21 to 40,3,<= 365,33
2022-09,21 to 40,3,<= 90,<5
2022-09,21 to 40,4,<= 180,<5
2022-09,21 to 40,4,<= 30,<5
2022-09,21 to 40,4,<= 365,<5
2022-09,21 to 40,4,<= 90,<5
2022-09,41 to 60,0,N/A,35
2022-09,41 to 60,1,366 +,<5
2022-09,41 to 60,1,<= 365,5
2022-09,41 to 60,1,<= 90,<5
2022-09,41 to 60,2,366 +,9
2022-09,41 to 60,2,<= 180,<5
2022-09,41 to 60,2,<= 365,54
2022-09,41 to 60,3,<= 180,16
2022-09,41 to 60,3,<= 30,<5
2022-09,41 to 60,3,<= 365,136
2022-09,41 to 60,3,<= 90,<5
2022-09,41 to 60,4,<= 180,8
2022-09,41 to 60,4,<= 30,<5
2022-09,41 to 60,4,<= 365,8
2022-09,41 to 60,4,<= 90,18
2022-09,41 to 60,5,<= 90,<5
2022-09,61 to 80,0,N/A,85
2022-09,61 to 80,1,366 +,<5
2022-09,61 to 80,1,<= 30,<5
2022-09,61 to 80,1,<= 365,7
2022-09,61 to 80,1,<= 90,<5
2022-09,61 to 80,2,366 +,26
2022-09,61 to 80,2,<= 180,<5
2022-09,61 to 80,2,<= 365,85
2022-09,61 to 80,3,<= 180,38
2022-09,61 to 80,3,<= 30,<5
2022-09,61 to 80,3,<= 365,597
2022-09,61 to 80,3,<= 90,12
2022-09,61 to 80,4,<= 180,35
2022-09,61 to 80,4,<= 30,62
2022-09,61 to 80,4,<= 365,17
2022-09,61 to 80,4,<= 90,230
2022-09,61 to 80,5,<= 30,<5
2022-09,61 to 80,5,<= 90,<5
2022-09,81 to 100,0,N/A,83
2022-09,81 to 100,1,366 +,<5
2022-09,81 to 100,1,<= 180,<5
2022-09,81 to 100,1,<= 365,<5
2022-09,81 to 100,2,366 +,18
2022-09,81 to 100,2,<= 180,<5
2022-09,81 to 100,2,<= 365,71
2022-09,81 to 100,2,<= 90,<5
2022-09,81 to 100,3,<= 180,35
2022-09,81 to 100,3,<= 30,6
2022-09,81 to 100,3,<= 365,775
2022-09,81 to 100,3,<= 90,18
2022-09,81 to 100,4,<= 180,11
2022-09,81 to 100,4,<= 30,122
2022-09,81 to 100,4,<= 365,<5
2022-09,81 to 100,4,<= 90,395
2022-09,81 to 100,5,<= 30,<5
2022-10,0 to 20,0,N/A,47
2022-10,0 to 20,2,366 +,5
2022-10,0 to 20,2,<= 365,5
2022-10,0 to 20,3,<= 180,<5
2022-10,0 to 20,3,<= 365,<5
2022-10,0 to 20,4,<= 180,<5
2022-10,100+,0,N/A,<5
2022-10,100+,3,<= 365,12
2022-10,100+,3,<= 90,<5
2022-10,100+,4,<= 180,<5
2022-10,100+,4,<= 30,<5
2022-10,100+,4,<= 90,5
2022-10,21 to 40,0,N/A,13
2022-10,21 to 40,1,<= 365,<5
2022-10,21 to 40,2,366 +,7
2022-10,21 to 40,2,<= 365,21
2022-10,21 to 40,3,<= 180,<5
2022-10,21 to 40,3,<= 365,23
2022-10,21 to 40,4,<= 180,<5
2022-10,21 to 40,4,<= 30,<5
2022-10,21 to 40,4,<= 365,<5
2022-10,21 to 40,4,<= 90,<5
2022-10,41 to 60,0,N/A,40
2022-10,41 to 60,1,366 +,<5
2022-10,41 to 60,1,<= 365,<5
2022-10,41 to 60,2,366 +,12
2022-10,41 to 60,2,<= 180,<5
2022-10,41 to 60,2,<= 365,41
2022-10,41 to 60,3,<= 180,6
2022-10,41 to 60,3,<= 365,150
2022-10,41 to 60,3,<= 90,<5
2022-10,41 to 60,4,<= 180,14
2022-10,41 to 60,4,<= 30,<5
2022-10,41 to 60,4,<= 365,17
2022-10,41 to 60,4,<= 90,21
2022-10,41 to 60,5,<= 90,<5
2022-10,61 to 80,0,N/A,79
2022-10,61 to 80,1,366 +,<5
2022-10,61 to 80,1,<= 365,7
2022-10,61 to 80,2,366 +,40
2022-10,61 to 80,2,<= 180,<5
2022-10,61 to 80,2,<= 365,66
2022-10,61 to 80,3,366 +,<5
2022-10,61 to 80,3,<= 180,20
2022-10,61 to 80,3,<= 365,546
2022-10,61 to 80,3,<= 90,<5
2022-10,61 to 80,4,<= 180,115
2022-10,61 to 80,4,<= 30,40
2022-10,61 to 80,4,<= 365,36
2022-10,61 to 80,4,<= 90,256
2022-10,61 to 80,5,<= 30,<5
2022-10,61 to 80,5,<= 90,<5
2022-10,81 to 100,0,N/A,68
2022-10,81 to 100,1,366 +,<5
2022-10,81 to 100,1,<= 90,<5
2022-10,81 to 100,2,366 +,29
2022-10,81 to 100,2,<= 180,<5
2022-10,81 to 100,2,<= 365,48
2022-10,81 to 100,2,<= 90,<5
2022-10,81 to 100,3,<= 180,22
2022-10,81 to 100,3,<= 30,<5
2022-10,81 to 100,3,<= 365,649
2022-10,81 to 100,3,<= 90,12
2022-10,81 to 100,4,<= 180,186
2022-10,81 to 100,4,<= 30,82
2022-10,81 to 100,4,<= 365,12
2022-10,81 to 100,4,<= 90,438
2022-10,81 to 100,5,<= 30,<5
2022-10,81 to 100,5,<= 90,<5
2022-11,0 to 20,0,N/A,60
2022-11,0 to 20,1,<= 365,<5
2022-11,0 to 20,2,366 +,<5
2022-11,0 to 20,2,<= 365,8
2022-11,0 to 20,3,<= 365,<5
2022-11,100+,0,N/A,<5
2022-11,100+,2,366 +,<5
2022-11,100+,2,<= 365,<5
2022-11,100+,3,<= 365,7
2022-11,100+,4,<= 180,8
2022-11,100+,4,<= 90,7
2022-11,21 to 40,0,N/A,17
2022-11,21 to 40,1,366 +,<5
2022-11,21 to 40,1,<= 365,<5
2022-11,21 to 40,2,366 +,15
2022-11,21 to 40,2,<= 365,18
2022-11,21 to 40,3,<= 180,<5
2022-11,21 to 40,3,<= 365,26
2022-11,21 to 40,4,<= 90,<5
2022-11,41 to 60,0,N/A,35
2022-11,41 to 60,1,366 +,<5
2022-11,41 to 60,1,<= 365,<5
2022-11,41 to 60,2,366 +,35
2022-11,41 to 60,2,<= 180,<5
2022-11,41 to 60,2,<= 365,17
2022-11,41 to 60,3,<= 180,<5
2022-11,41 to 60,3,<= 365,169
2022-11,41 to 60,3,<= 90,<5
2022-11,41 to 60,4,<= 180,24
2022-11,41 to 60,4,<= 30,5
2022-11,41 to 60,4,<= 365,8
2022-11,41 to 60,4,<= 90,12
2022-11,41 to 60,5,<= 180,<5
2022-11,41 to 60,5,<= 90,<5
2022-11,61 to 80,0,N/A,73
2022-11,61 to 80,1,366 +,<5
2022-11,61 to 80,1,<= 30,<5
2022-11,61 to 80,2,366 +,56
2022-11,61 to 80,2,<= 180,<5
2022-11,61 to 80,2,<= 365,25
2022-11,61 to 80,3,366 +,<5
2022-11,61 to 80,3,<= 180,16
2022-11,61 to 80,3,<= 30,<5
2022-11,61 to 80,3,<= 365,487
2022-11,61 to 80,3,<= 90,<5
2022-11,61 to 80,4,<= 180,265
2022-11,61 to 80,4,<= 30,26
2022-11,61 to 80,4,<= 365,20
2022-11,61 to 80,4,<= 90,112
2022-11,61 to 80,5,<= 180,<5
2022-11,61 to 80,5,<= 365,<5
2022-11,61 to 80,5,<= 90,18
2022-11,61 to 80,6,<= 365,<5
2022-11,81 to 100,0,N/A,55
2022-11,81 to 100,1,366 +,<5
2022-11,81 to 100,2,366 +,65
2022-11,81 to 100,2,<= 365,25
2022-11,81 to 100,2,<= 90,<5
2022-11,81 to 100,3,<= 180,12
2022-11,81 to 100,3,<= 30,<5
2022-11,81 to 100,3,<= 365,450
2022-11,81 to 100,3,<= 90,5
2022-11,81 to 100,4,<= 180,459
2022-11,81 to 100,4,<= 30,51
2022-11,81 to 100,4,<= 365,14
2022-11,81 to 100,4,<= 90,250
2022-11,81 to 100,5,<= 180,<5
2022-11,81 to 100,5,<= 30,<5
2022-11,81 to 100,5,<= 365,<5
2022-11,81 to 100,5,<= 90,6
2022-12,0 to 20,0,N/A,54
2022-12,0 to 20,1,<= 365,<5
2022-12,0 to 20,2,366 +,15
2022-12,0 to 20,2,<= 365,<5
2022-12,0 to 20,3,<= 365,<5
2022-12,100+,3,366 +,<5
2022-12,100+,3,<= 365,5
2022-12,100+,4,<= 180,15
2022-12,100+,4,<= 90,<5
2022-12,21 to 40,0,N/A,23
2022-12,21 to 40,1,<= 365,<5
2022-12,21 to 40,2,366 +,19
2022-12,21 to 40,2,<= 365,13
2022-12,21 to 40,3,366 +,<5
2022-12,21 to 40,3,<= 180,<5
2022-12,21 to 40,3,<= 365,29
2022-12,21 to 40,3,<= 90,<5
2022-12,21 to 40,4,<= 180,<5
2022-12,21 to 40,4,<= 90,<5
2022-12,41 to 60,0,N/A,43
2022-12,41 to 60,1,366 +,<5
2022-12,41 to 60,1,<= 365,<5
2022-12,41 to 60,2,366 +,53
2022-12,41 to 60,2,<= 365,25
2022-12,41 to 60,3,366 +,<5
2022-12,41 to 60,3,<= 180,6
2022-12,41 to 60,3,<= 365,132
2022-12,41 to 60,4,<= 180,34
2022-12,41 to 60,4,<= 30,<5
2022-12,41 to 60,4,<= 365,14
2022-12,41 to 60,4,<= 90,9
2022-12,41 to 60,5,<= 180,<5
2022-12,41 to 60,5,<= 90,<5
2022-12,61 to 80,0,N/A,88
2022-12,61 to 80,1,366 +,9
2022-12,61 to 80,1,<= 365,<5
2022-12,61 to 80,2,366 +,81
2022-12,61 to 80,2,<= 365,19
2022-12,61 to 80,2,<= 90,<5
2022-12,61 to 80,3,366 +,31
2022-12,61 to 80,3,<= 180,11
2022-12,61 to 80,3,<= 30,<5
2022-12,61 to 80,3,<= 365,391
2022-12,61 to 80,3,<= 90,<5
2022-12,61 to 80,4,<= 180,376
2022-12,61 to 80,4,<= 30,12
2022-12,61 to 80,4,<= 365,44
2022-12,61 to 80,4,<= 90,74
2022-12,61 to 80,5,<= 180,8
2022-12,61 to 80,5,<= 30,<5
2022-12,61 to 80,5,<= 90,15
2022-12,81 to 100,0,N/A,68
2022-12,81 to 100,1,366 +,<5
2022-12,81 to 100,1,<= 180,<5
2022-12,81 to 100,1,<= 30,<5
2022-12,81 to 100,1,<= 365,<5
2022-12,81 to 100,1,<= 90,<5
2022-12,81 to 100,2,366 +,71
2022-12,81 to 100,2,<= 180,<5
2022-12,81 to 100,2,<= 365,18
2022-12,81 to 100,2,<= 90,<5
2022-12,81 to 100,3,366 +,28
2022-12,81 to 100,3,<= 180,22
2022-12,81 to 100,3,<= 30,<5
2022-12,81 to 100,3,<= 365,407
2022-12,81 to 100,3,<= 90,5
2022-12,81 to 100,4,<= 180,639
2022-12,81 to 100,4,<= 30,34
2022-12,81 to 100,4,<= 365,27
2022-12,81 to 100,4,<= 90,168
2022-12,81 to 100,5,<= 180,<5
2022-12,81 to 100,5,<= 30,<5
2022-12,81 to 100,5,<= 365,<5
2022-12,81 to 100,5,<= 90,<5
2023-01,0 to 20,0,N/A,19
2023-01,0 to 20,1,<= 365,<5
2023-01,0 to 20,2,366 +,12
2023-01,0 to 20,2,<= 365,<5
2023-01,0 to 20,3,<= 180,<5
2023-01,0 to 20,3,<= 365,6
2023-01,0 to 20,4,<= 180,<5
2023-01,100+,0,N/A,<5
2023-01,100+,2,366 +,<5
2023-01,100+,3,<= 365,<5
2023-01,100+,4,<= 180,8
2023-01,100+,4,<= 365,<5
2023-01,21 to 40,0,N/A,16
2023-01,21 to 40,1,366 +,<5
2023-01,21 to 40,1,<= 365,<5
2023-01,21 to 40,2,366 +,30
2023-01,21 to 40,2,<= 365,<5
2023-01,21 to 40,3,366 +,<5
2023-01,21 to 40,3,<= 180,<5
2023-01,21 to 40,3,<= 365,21
2023-01,21 to 40,4,<= 180,<5
2023-01,41 to 60,0,N/A,39
2023-01,41 to 60,1,366 +,<5
2023-01,41 to 60,1,<= 365,<5
2023-01,41 to 60,2,366 +,74
2023-01,41 to 60,2,<= 365,10
2023-01,41 to 60,3,366 +,27
2023-01,41 to 60,3,<= 180,<5
2023-01,41 to 60,3,<= 365,127
2023-01,41 to 60,4,<= 180,26
2023-01,41 to 60,4,<= 30,<5
2023-01,41 to 60,4,<= 365,15
2023-01,41 to 60,4,<= 90,12
2023-01,61 to 80,0,N/A,63
2023-01,61 to 80,1,366 +,9
2023-01,61 to 80,1,<= 180,<5
2023-01,61 to 80,1,<= 365,<5
2023-01,61 to 80,2,366 +,91
2023-01,61 to 80,2,<= 365,8
2023-01,61 to 80,3,366 +,113
2023-01,61 to 80,3,<= 180,11
2023-01,61 to 80,3,<= 365,314
2023-01,61 to 80,3,<= 90,<5
2023-01,61 to 80,4,<= 180,274
2023-01,61 to 80,4,<= 30,5
2023-01,61 to 80,4,<= 365,159
2023-01,61 to 80,4,<= 90,66
2023-01,61 to 80,5,<= 180,13
2023-01,61 to 80,5,<= 90,5
2023-01,81 to 100,0,N/A,68
2023-01,81 to 100,1,366 +,5
2023-01,81 to 100,1,<= 180,<5
2023-01,81 to 100,1,<= 365,<5
2023-01,81 to 100,2,366 +,68
2023-01,81 to 100,2,<= 180,<5
2023-01,81 to 100,2,<= 365,<5
2023-01,81 to 100,3,366 +,135
2023-01,81 to 100,3,<= 180,9
2023-01,81 to 100,3,<= 30,<5
2023-01,81 to 100,3,<= 365,310
2023-01,81 to 100,3,<= 90,<5
2023-01,81 to 100,4,<= 180,518
2023-01,81 to 100,4,<= 30,10
2023-01,81 to 100,4,<= 365,209
2023-01,81 to 100,4,<= 90,116
2023-01,81 to 100,5,<= 180,5
2023-01,81 to 100,5,<= 90,<5
2023-02,0 to 20,0,N/A,14
2023-02,0 to 20,2,366 +,5
2023-02,0 to 20,2,<= 365,<5
2023-02,0 to 20,3,<= 365,<5
2023-02,100+,0,N/A,<5
2023-02,100+,1,366 +,<5
2023-02,100+,2,366 +,<5
2023-02,100+,3,366 +,<5
2023-02,100+,4,<= 180,7
2023-02,100+,4,<= 365,5
2023-02,100+,4,<= 90,<5
2023-02,21 to 40,0,N/A,14
2023-02,21 to 40,1,366 +,<5
2023-02,21 to 40,1,<= 365,<5
2023-02,21 to 40,2,366 +,26
2023-02,21 to 40,3,366 +,18
2023-02,21 to 40,3,<= 180,<5
2023-02,21 to 40,3,<= 365,6
2023-02,21 to 40,4,<= 180,<5
2023-02,21 to 40,4,<= 365,<5
2023-02,21 to 40,4,<= 90,<5
2023-02,41 to 60,0,N/A,35
2023-02,41 to 60,1,366 +,7
2023-02,41 to 60,2,366 +,67
2023-02,41 to 60,2,<= 365,<5
2023-02,41 to 60,3,366 +,72
2023-02,41 to 60,3,<= 365,57
2023-02,41 to 60,4,<= 180,16
2023-02,41 to 60,4,<= 365,30
2023-02,41 to 60,4,<= 90,<5
2023-02,41 to 60,5,<= 180,6
2023-02,41 to 60,5,<= 365,<5
2023-02,41 to 60,5,<= 90,<5
2023-02,41 to 60,6,<= 180,<5
2023-02,61 to 80,0,N/A,67
2023-02,61 to 80,1,366 +,<5
2023-02,61 to 80,1,<= 180,<5
2023-02,61 to 80,1,<= 365,<5
2023-02,61 to 80,2,366 +,68
2023-02,61 to 80,2,<= 365,<5
2023-02,61 to 80,3,366 +,244
2023-02,61 to 80,3,<= 180,8
2023-02,61 to 80,3,<= 30,<5
2023-02,61 to 80,3,<= 365,98
2023-02,61 to 80,3,<= 90,<5
2023-02,61 to 80,4,366 +,<5
2023-02,61 to 80,4,<= 180,144
2023-02,61 to 80,4,<= 30,<5
2023-02,61 to 80,4,<= 365,289
2023-02,61 to 80,4,<= 90,32
2023-02,61 to 80,5,<= 180,12
2023-02,61 to 80,5,<= 90,<5
2023-02,61 to 80,6,<= 90,<5
2023-02,81 to 100,0,N/A,39
2023-02,81 to 100,1,366 +,7
2023-02,81 to 100,2,366 +,55
2023-02,81 to 100,2,<= 180,<5
2023-02,81 to 100,2,<= 365,5
2023-02,81 to 100,3,366 +,258
2023-02,81 to 100,3,<= 180,6
2023-02,81 to 100,3,<= 365,89
2023-02,81 to 100,3,<= 90,<5
2023-02,81 to 100,4,366 +,<5
2023-02,81 to 100,4,<= 180,308
2023-02,81 to 100,4,<= 30,5
2023-02,81 to 100,4,<= 365,412
2023-02,81 to 100,4,<= 90,54
2023-02,81 to 100,5,<= 180,8
2023-02,81 to 100,5,<= 365,<5
2023-02,81 to 100,5,<= 90,<5
2023-03,0 to 20,0,N/A,13
2023-03,0 to 20,2,366 +,12
2023-03,0 to 20,3,366 +,<5
2023-03,0 to 20,3,<= 365,<5
2023-03,100+,0,N/A,<5
2023-03,100+,3,366 +,<5
2023-03,100+,4,<= 180,6
2023-03,100+,4,<= 30,<5
2023-03,100+,4,<= 365,6
2023-03,21 to 40,0,N/A,19
2023-03,21 to 40,1,366 +,<5
2023-03,21 to 40,2,366 +,32
2023-03,21 to 40,2,<= 365,<5
2023-03,21 to 40,3,366 +,27
2023-03,21 to 40,3,<= 365,<5
2023-03,21 to 40,4,<= 180,<5
2023-03,21 to 40,4,<= 365,<5
2023-03,21 to 40,5,<= 365,<5
2023-03,41 to 60,0,N/A,28
2023-03,41 to 60,1,366 +,<5
2023-03,41 to 60,2,366 +,71
2023-03,41 to 60,2,<= 365,<5
2023-03,41 to 60,3,366 +,128
2023-03,41 to 60,3,<= 365,17
2023-03,41 to 60,4,366 +,<5
2023-03,41 to 60,4,<= 180,12
2023-03,41 to 60,4,<= 30,<5
2023-03,41 to 60,4,<= 365,26
2023-03,41 to 60,4,<= 90,<5
2023-03,41 to 60,5,<= 180,<5
2023-03,41 to 60,5,<= 30,<5
2023-03,41 to 60,5,<= 365,<5
2023-03,61 to 80,0,N/A,71
2023-03,61 to 80,1,366 +,9
2023-03,61 to 80,2,366 +,102
2023-03,61 to 80,2,<= 180,<5
2023-03,61 to 80,2,<= 365,<5
2023-03,61 to 80,3,366 +,378
2023-03,61 to 80,3,<= 180,<5
2023-03,61 to 80,3,<= 365,32
2023-03,61 to 80,4,366 +,13
2023-03,61 to 80,4,<= 180,88
2023-03,61 to 80,4,<= 30,<5
2023-03,61 to 80,4,<= 365,393
2023-03,61 to 80,4,<= 90,16
2023-03,61 to 80,5,<= 180,12
2023-03,61 to 80,5,<= 365,7
2023-03,61 to 80,5,<= 90,<5
2023-03,61 to 80,7,<= 90,<5
2023-03,81 to 100,0,N/A,61
2023-03,81 to 100,1,366 +,<5
2023-03,81 to 100,1,<= 30,<5
2023-03,81 to 100,1,<= 365,<5
2023-03,81 to 100,2,366 +,59
2023-03,81 to 100,2,<= 180,<5
2023-03,81 to 100,2,<= 365,<5
2023-03,81 to 100,3,366 +,364
2023-03,81 to 100,3,<= 180,13
2023-03,81 to 100,3,<= 30,<5
2023-03,81 to 100,3,<= 365,38
2023-03,81 to 100,3,<= 90,<5
2023-03,81 to 100,4,366 +,<5
2023-03,81 to 100,4,<= 180,183
2023-03,81 to 100,4,<= 30,<5
2023-03,81 to 100,4,<= 365,633
2023-03,81 to 100,4,<= 90,27
2023-03,81 to 100,5,<= 180,7
2023-03,81 to 100,5,<= 365,<5
2023-04,0 to 20,0,N/A,8
2023-04,0 to 20,2,366 +,7
2023-04,0 to 20,2,<= 365,<5
2023-04,0 to 20,3,366 +,<5
2023-04,0 to 20,3,<= 180,<5
2023-04,0 to 20,4,<= 180,<5
2023-04,100+,0,N/A,5
2023-04,100+,1,366 +,<5
2023-04,100+,2,366 +,<5
2023-04,100+,2,<= 365,<5
2023-04,100+,3,366 +,<5
2023-04,100+,3,<= 365,<5
2023-04,100+,4,<= 180,<5
2023-04,100+,4,<= 365,7
2023-04,100+,5,<= 30,<5
2023-04,21 to 40,0,N/A,12
2023-04,21 to 40,1,366 +,<5
2023-04,21 to 40,2,366 +,26
2023-04,21 to 40,3,366 +,27
2023-04,21 to 40,3,<= 180,<5
2023-04,21 to 40,3,<= 365,<5
2023-04,21 to 40,4,366 +,<5
2023-04,21 to 40,4,<= 365,<5
2023-04,21 to 40,4,<= 90,<5
2023-04,21 to 40,5,<= 365,<5
2023-04,41 to 60,0,N/A,35
2023-04,41 to 60,1,366 +,<5
2023-04,41 to 60,1,<= 90,<5
2023-04,41 to 60,2,366 +,53
2023-04,41 to 60,3,366 +,118
2023-04,41 to 60,3,<= 180,<5
2023-04,41 to 60,3,<= 365,13
2023-04,41 to 60,4,366 +,6
2023-04,41 to 60,4,<= 180,13
2023-04,41 to 60,4,<= 30,<5
2023-04,41 to 60,4,<= 365,32
2023-04,41 to 60,4,<= 90,<5
2023-04,41 to 60,5,<= 180,<5
2023-04,41 to 60,5,<= 30,<5
2023-04,61 to 80,0,N/A,71
2023-04,61 to 80,1,366 +,5
2023-04,61 to 80,1,<= 365,<5
2023-04,61 to 80,2,366 +,87
2023-04,61 to 80,2,<= 365,<5
2023-04,61 to 80,3,366 +,364
2023-04,61 to 80,3,<= 180,<5
2023-04,61 to 80,3,<= 365,22
2023-04,61 to 80,4,366 +,21
2023-04,61 to 80,4,<= 180,62
2023-04,61 to 80,4,<= 30,6
2023-04,61 to 80,4,<= 365,407
2023-04,61 to 80,4,<= 90,8
2023-04,61 to 80,5,366 +,<5
2023-04,61 to 80,5,<= 180,7
2023-04,61 to 80,5,<= 30,25
2023-04,61 to 80,5,<= 365,13
2023-04,61 to 80,5,<= 90,<5
2023-04,61 to 80,6,<= 30,<5
2023-04,61 to 80,6,<= 365,<5
2023-04,81 to 100,0,N/A,42
2023-04,81 to 100,1,366 +,5
2023-04,81 to 100,1,<= 365,<5
2023-04,81 to 100,2,366 +,63
2023-04,81 to 100,2,<= 365,<5
2023-04,81 to 100,3,366 +,344
2023-04,81 to 100,3,<= 180,<5
2023-04,81 to 100,3,<= 365,23
2023-04,81 to 100,3,<= 90,<5
2023-04,81 to 100,4,366 +,<5
2023-04,81 to 100,4,<= 180,153
2023-04,81 to 100,4,<= 30,18
2023-04,81 to 100,4,<= 365,740
2023-04,81 to 100,4,<= 90,18
2023-04,81 to 100,5,<= 180,8
2023-04,81 to 100,5,<= 30,53
2023-04,81 to 100,5,<= 365,7
2023-04,81 to 100,5,<= 90,<5
2023-05,0 to 20,0,N/A,11
2023-05,0 to 20,2,366 +,10
2023-05,0 to 20,3,366 +,<5
2023-05,0 to 20,4,<= 180,<5
2023-05,100+,3,366 +,<5
2023-05,100+,4,<= 30,<5
2023-05,100+,4,<= 365,9
2023-05,100+,5,<= 30,<5
2023-05,100+,5,<= 90,<5
2023-05,21 to 40,0,N/A,18
2023-05,21 to 40,1,366 +,<5
2023-05,21 to 40,2,366 +,34
2023-05,21 to 40,2,<= 365,<5
2023-05,21 to 40,3,366 +,23
2023-05,21 to 40,3,<= 365,<5
2023-05,21 to 40,4,<= 365,<5
2023-05,21 to 40,5,<= 30,<5
2023-05,41 to 60,0,N/A,48
2023-05,41 to 60,1,366 +,<5
2023-05,41 to 60,2,366 +,57
2023-05,41 to 60,2,<= 365,<5
2023-05,41 to 60,3,366 +,122
2023-05,41 to 60,3,<= 180,<5
2023-05,41 to 60,3,<= 365,<5
2023-05,41 to 60,4,366 +,8
2023-05,41 to 60,4,<= 180,14
2023-05,41 to 60,4,<= 30,6
2023-05,41 to 60,4,<= 365,37
2023-05,41 to 60,4,<= 90,6
2023-05,41 to 60,5,<= 30,6
2023-05,41 to 60,5,<= 365,<5
2023-05,41 to 60,5,<= 90,<5
2023-05,61 to 80,0,N/A,89
2023-05,61 to 80,1,366 +,5
2023-05,61 to 80,2,366 +,102
2023-05,61 to 80,2,<= 365,<5
2023-05,61 to 80,3,366 +,323
2023-05,61 to 80,3,<= 30,<5
2023-05,61 to 80,3,<= 365,15
2023-05,61 to 80,3,<= 90,<5
2023-05,61 to 80,4,366 +,20
2023-05,61 to 80,4,<= 180,43
2023-05,61 to 80,4,<= 30,21
2023-05,61 to 80,4,<= 365,361
2023-05,61 to 80,4,<= 90,12
2023-05,61 to 80,5,<= 180,9
2023-05,61 to 80,5,<= 30,80
2023-05,61 to 80,5,<= 365,15
2023-05,61 to 80,5,<= 90,57
2023-05,61 to 80,6,<= 30,<5
2023-05,61 to 80,6,<= 90,<5
2023-05,81 to 100,0,N/A,58
2023-05,81 to 100,1,366 +,<5
2023-05,81 to 100,1,<= 30,<5
2023-05,81 to 100,2,366 +,58
2023-05,81 to 100,2,<= 180,<5
2023-05,81 to 100,2,<= 365,<5
2023-05,81 to 100,3,366 +,349
2023-05,81 to 100,3,<= 180,<5
2023-05,81 to 100,3,<= 30,<5
2023-05,81 to 100,3,<= 365,22
2023-05,81 to 100,3,<= 90,<5
2023-05,81 to 100,4,366 +,7
2023-05,81 to 100,4,<= 180,55
2023-05,81 to 100,4,<= 30,34
2023-05,81 to 100,4,<= 365,672
2023-05,81 to 100,4,<= 90,19
2023-05,81 to 100,5,<= 180,<5
2023-05,81 to 100,5,<= 30,175
2023-05,81 to 100,5,<= 365,5
2023-05,81 to 100,5,<= 90,112
2023-05,81 to 100,6,<= 30,<5
2023-05,81 to 100,6,<= 90,<5
2023-06,0 to 20,0,N/A,14
2023-06,0 to 20,1,366 +,<5
2023-06,0 to 20,2,366 +,6
2023-06,0 to 20,2,<= 365,<5
2023-06,0 to 20,3,366 +,<5
2023-06,100+,0,N/A,<5
2023-06,100+,2,366 +,<5
2023-06,100+,3,366 +,<5
2023-06,100+,4,<= 180,<5
2023-06,100+,4,<= 365,5
2023-06,100+,4,<= 90,<5
2023-06,100+,5,<= 30,<5
2023-06,100+,5,<= 90,5
2023-06,21 to 40,0,N/A,16
2023-06,21 to 40,1,366 +,<5
2023-06,21 to 40,2,366 +,31
2023-06,21 to 40,3,366 +,29
2023-06,21 to 40,3,<= 365,<5
2023-06,21 to 40,3,<= 90,<5
2023-06,21 to 40,4,<= 30,<5
2023-06,21 to 40,4,<= 365,<5
2023-06,21 to 40,4,<= 90,<5
2023-06,41 to 60,0,N/A,26
2023-06,41 to 60,1,366 +,8
2023-06,41 to 60,2,366 +,61
2023-06,41 to 60,3,366 +,133
2023-06,41 to 60,3,<= 180,<5
2023-06,41 to 60,3,<= 365,<5
2023-06,41 to 60,4,366 +,<5
2023-06,41 to 60,4,<= 180,<5
2023-06,41 to 60,4,<= 30,<5
2023-06,41 to 60,4,<= 365,22
2023-06,41 to 60,4,<= 90,8
2023-06,41 to 60,5,<= 30,<5
2023-06,41 to 60,5,<= 365,<5
2023-06,41 to 60,5,<= 90,12
2023-06,41 to 60,6,<= 30,<5
2023-06,41 to 60,6,<= 90,<5
2023-06,61 to 80,0,N/A,68
2023-06,61 to 80,1,366 +,7
2023-06,61 to 80,2,366 +,110
2023-06,61 to 80,3,366 +,379
2023-06,61 to 80,3,<= 365,9
2023-06,61 to 80,4,366 +,23
2023-06,61 to 80,4,<= 180,22
2023-06,61 to 80,4,<= 30,11
2023-06,61 to 80,4,<= 365,328
2023-06,61 to 80,4,<= 90,35
2023-06,61 to 80,5,<= 180,<5
2023-06,61 to 80,5,<= 30,36
2023-06,61 to 80,5,<= 365,12
2023-06,61 to 80,5,<= 90,167
2023-06,61 to 80,6,<= 180,<5
2023-06,61 to 80,6,<= 30,<5
2023-06,61 to 80,6,<= 90,6
2023-06,81 to 100,0,N/A,60
2023-06,81 to 100,1,366 +,<5
2023-06,81 to 100,2,366 +,67
2023-06,81 to 100,3,366 +,335
2023-06,81 to 100,3,<= 180,6
2023-06,81 to 100,3,<= 30,<5
2023-06,81 to 100,3,<= 365,16
2023-06,81 to 100,3,<= 90,<5
2023-06,81 to 100,4,366 +,5
2023-06,81 to 100,4,<= 180,24
2023-06,81 to 100,4,<= 30,19
2023-06,81 to 100,4,<= 365,536
2023-06,81 to 100,4,<= 90,72
2023-06,81 to 100,5,<= 180,<5
2023-06,81 to 100,5,<= 30,88
2023-06,81 to 100,5,<= 365,8
2023-06,81 to 100,5,<= 90,308
2023-06,81 to 100,6,<= 30,<5
2023-06,81 to 100,6,<= 90,7
2023-07,0 to 20,0,N/A,13
2023-07,0 to 20,2,366 +,<5
2023-07,0 to 20,3,366 +,<5
2023-07,100+,0,N/A,<5
2023-07,100+,2,366 +,<5
2023-07,100+,3,366 +,<5
2023-07,100+,4,<= 365,5
2023-07,100+,5,<= 180,<5
2023-07,100+,5,<= 90,5
2023-07,21 to 40,0,N/A,17
2023-07,21 to 40,1,366 +,<5
2023-07,21 to 40,2,366 +,33
2023-07,21 to 40,3,366 +,26
2023-07,21 to 40,3,<= 180,<5
2023-07,21 to 40,4,366 +,<5
2023-07,21 to 40,4,<= 90,<5
2023-07,41 to 60,0,N/A,40
2023-07,41 to 60,1,366 +,9
2023-07,41 to 60,2,366 +,78
2023-07,41 to 60,3,366 +,137
2023-07,41 to 60,3,<= 365,<5
2023-07,41 to 60,3,<= 90,<5
2023-07,41 to 60,4,366 +,15
2023-07,41 to 60,4,<= 180,6
2023-07,41 to 60,4,<= 30,<5
2023-07,41 to 60,4,<= 365,24
2023-07,41 to 60,4,<= 90,8
2023-07,41 to 60,5,<= 180,5
2023-07,41 to 60,5,<= 30,<5
2023-07,41 to 60,5,<= 365,<5
2023-07,41 to 60,5,<= 90,8
2023-07,61 to 80,0,N/A,90
2023-07,61 to 80,1,366 +,5
2023-07,61 to 80,1,<= 365,<5
2023-07,61 to 80,2,366 +,95
2023-07,61 to 80,2,<= 180,<5
2023-07,61 to 80,2,<= 365,<5
2023-07,61 to 80,3,366 +,375
2023-07,61 to 80,3,<= 180,<5
2023-07,61 to 80,3,<= 365,8
2023-07,61 to 80,3,<= 90,<5
2023-07,61 to 80,4,366 +,75
2023-07,61 to 80,4,<= 180,32
2023-07,61 to 80,4,<= 30,7
2023-07,61 to 80,4,<= 365,243
2023-07,61 to 80,4,<= 90,39
2023-07,61 to 80,5,<= 180,87
2023-07,61 to 80,5,<= 30,14
2023-07,61 to 80,5,<= 365,11
2023-07,61 to 80,5,<= 90,150
2023-07,61 to 80,6,<= 180,<5
2023-07,61 to 80,6,<= 30,<5
2023-07,61 to 80,6,<= 90,9
2023-07,61 to 80,7,<= 90,<5
2023-07,81 to 100,0,N/A,51
2023-07,81 to 100,1,366 +,<5
2023-07,81 to 100,1,<= 365,<5
2023-07,81 to 100,1,<= 90,<5
2023-07,81 to 100,2,366 +,79
2023-07,81 to 100,3,366 +,344
2023-07,81 to 100,3,<= 180,<5
2023-07,81 to 100,3,<= 365,11
2023-07,81 to 100,3,<= 90,7
2023-07,81 to 100,4,366 +,69
2023-07,81 to 100,4,<= 180,38
2023-07,81 to 100,4,<= 30,5
2023-07,81 to 100,4,<= 365,410
2023-07,81 to 100,4,<= 90,82
2023-07,81 to 100,5,<= 180,148
2023-07,81 to 100,5,<= 30,38
2023-07,81 to 100,5,<= 365,<5
2023-07,81 to 100,5,<= 90,369
2023-07,81 to 100,6,<= 180,5
2023-07,81 to 100,6,<= 30,<5
2023-07,81 to 100,6,<= 90,5
2023-08,0 to 20,0,N/A,12
2023-08,0 to 20,1,366 +,<5
2023-08,0 to 20,2,366 +,6
2023-08,0 to 20,3,366 +,<5
2023-08,100+,0,N/A,<5
2023-08,100+,3,366 +,<5
2023-08,100+,4,366 +,<5
2023-08,100+,4,<= 180,<5
2023-08,100+,4,<= 365,9
2023-08,100+,5,<= 180,6
2023-08,100+,5,<= 90,<5
2023-08,21 to 40,0,N/A,20
2023-08,21 to 40,1,366 +,5
2023-08,21 to 40,2,366 +,30
2023-08,21 to 40,3,366 +,27
2023-08,21 to 40,3,<= 365,<5
2023-08,21 to 40,4,366 +,<5
2023-08,21 to 40,4,<= 180,<5
2023-08,21 to 40,4,<= 365,<5
2023-08,21 to 40,5,<= 365,<5
2023-08,41 to 60,0,N/A,39
2023-08,41 to 60,1,366 +,8
2023-08,41 to 60,2,366 +,53
2023-08,41 to 60,3,366 +,127
2023-08,41 to 60,3,<= 180,<5
2023-08,41 to 60,3,<= 90,<5
2023-08,41 to 60,4,366 +,15
2023-08,41 to 60,4,<= 180,11
2023-08,41 to 60,4,<= 30,<5
2023-08,41 to 60,4,<= 365,24
2023-08,41 to 60,4,<= 90,5
2023-08,41 to 60,5,366 +,<5
2023-08,41 to 60,5,<= 180,8
2023-08,41 to 60,5,<= 30,<5
2023-08,41 to 60,5,<= 365,<5
2023-08,41 to 60,5,<= 90,8
2023-08,41 to 60,6,<= 180,<5
2023-08,41 to 60,6,<= 90,<5
2023-08,61 to 80,0,N/A,91
2023-08,61 to 80,1,366 +,5
2023-08,61 to 80,2,366 +,118
2023-08,61 to 80,2,<= 365,<5
2023-08,61 to 80,3,366 +,345
2023-08,61 to 80,3,<= 180,<5
2023-08,61 to 80,3,<= 365,6
2023-08,61 to 80,4,366 +,159
2023-08,61 to 80,4,<= 180,52
2023-08,61 to 80,4,<= 30,<5
2023-08,61 to 80,4,<= 365,146
2023-08,61 to 80,4,<= 90,19
2023-08,61 to 80,5,366 +,<5
2023-08,61 to 80,5,<= 180,201
2023-08,61 to 80,5,<= 30,<5
2023-08,61 to 80,5,<= 365,14
2023-08,61 to 80,5,<= 90,52
2023-08,61 to 80,6,<= 180,<5
2023-08,61 to 80,6,<= 30,<5
2023-08,61 to 80,6,<= 90,<5
2023-08,81 to 100,0,N/A,60
2023-08,81 to 100,1,366 +,6
2023-08,81 to 100,1,<= 180,<5
2023-08,81 to 100,1,<= 365,<5
2023-08,81 to 100,2,366 +,79
2023-08,81 to 100,3,366 +,350
2023-08,81 to 100,3,<= 180,5
2023-08,81 to 100,3,<= 365,8
2023-08,81 to 100,3,<= 90,<5
2023-08,81 to 100,4,366 +,199
2023-08,81 to 100,4,<= 180,87
2023-08,81 to 100,4,<= 30,<5
2023-08,81 to 100,4,<= 365,269
2023-08,81 to 100,4,<= 90,38
2023-08,81 to 100,5,<= 180,422
2023-08,81 to 100,5,<= 30,19
2023-08,81 to 100,5,<= 365,<5
2023-08,81 to 100,5,<= 90,151
2023-08,81 to 100,6,<= 180,6
2023-08,81 to 100,6,<= 30,<5
2023-08,81 to 100,6,<= 90,<5
2023-09,0 to 20,0,N/A,7
2023-09,0 to 20,2,366 +,10
2023-09,0 to 20,3,366 +,<5
2023-09,0 to 20,3,<= 365,<5
2023-09,100+,0,N/A,<5
2023-09,100+,3,366 +,5
2023-09,100+,4,366 +,5
2023-09,100+,4,<= 365,<5
2023-09,100+,5,<= 180,14
2023-09,21 to 40,0,N/A,17
2023-09,21 to 40,1,366 +,6
2023-09,21 to 40,2,366 +,27
2023-09,21 to 40,3,366 +,22
2023-09,21 to 40,4,366 +,6
2023-09,21 to 40,5,<= 180,<5
2023-09,41 to 60,0,N/A,37
2023-09,41 to 60,1,366 +,6
2023-09,41 to 60,1,<= 365,<5
2023-09,41 to 60,2,366 +,67
2023-09,41 to 60,3,366 +,136
2023-09,41 to 60,3,<= 180,<5
2023-09,41 to 60,3,<= 365,<5
2023-09,41 to 60,4,366 +,23
2023-09,41 to 60,4,<= 180,11
2023-09,41 to 60,4,<= 365,22
2023-09,41 to 60,4,<= 90,<5
2023-09,41 to 60,5,<= 180,20
2023-09,41 to 60,5,<= 30,<5
2023-09,41 to 60,5,<= 365,<5
2023-09,41 to 60,5,<= 90,<5
2023-09,41 to 60,6,<= 180,<5
2023-09,41 to 60,6,<= 365,<5
2023-09,61 to 80,0,N/A,79
2023-09,61 to 80,1,366 +,6
2023-09,61 to 80,2,366 +,97
2023-09,61 to 80,3,366 +,331
2023-09,61 to 80,3,<= 180,5
2023-09,61 to 80,3,<= 30,<5
2023-09,61 to 80,3,<= 365,<5
2023-09,61 to 80,3,<= 90,<5
2023-09,61 to 80,4,366 +,174
2023-09,61 to 80,4,<= 180,58
2023-09,61 to 80,4,<= 365,86
2023-09,61 to 80,4,<= 90,13
2023-09,61 to 80,5,366 +,6
2023-09,61 to 80,5,<= 180,272
2023-09,61 to 80,5,<= 30,<5
2023-09,61 to 80,5,<= 365,10
2023-09,61 to 80,5,<= 90,27
2023-09,61 to 80,6,<= 180,10
2023-09,61 to 80,6,<= 90,<5
2023-09,81 to 100,0,N/A,59
2023-09,81 to 100,1,366 +,5
2023-09,81 to 100,1,<= 365,<5
2023-09,81 to 100,2,366 +,65
2023-09,81 to 100,2,<= 365,<5
2023-09,81 to 100,3,366 +,340
2023-09,81 to 100,3,<= 180,<5
2023-09,81 to 100,3,<= 30,<5
2023-09,81 to 100,3,<= 365,8
2023-09,81 to 100,4,366 +,292
2023-09,81 to 100,4,<= 180,119
2023-09,81 to 100,4,<= 30,<5
2023-09,81 to 100,4,<= 365,157
2023-09,81 to 100,4,<= 90,10
2023-09,81 to 100,5,366 +,<5
2023-09,81 to 100,5,<= 180,521
2023-09,81 to 100,5,<= 30,6
2023-09,81 to 100,5,<= 365,6
2023-09,81 to 100,5,<= 90,63
2023-09,81 to 100,6,<= 180,11
2023-09,81 to 100,6,<= 90,<5
2023-10,0 to 20,0,N/A,15
2023-10,0 to 20,2,366 +,12
2023-10,0 to 20,3,366 +,<5
2023-10,100+,0,N/A,<5
2023-10,100+,2,366 +,<5
2023-10,100+,3,366 +,<5
2023-10,100+,3,<= 180,<5
2023-10,100+,4,366 +,<5
2023-10,100+,4,<= 180,<5
2023-10,100+,4,<= 365,<5
2023-10,100+,5,<= 180,<5
2023-10,100+,5,<= 365,<5
2023-10,100+,5,<= 90,<5
2023-10,21 to 40,0,N/A,14
2023-10,21 to 40,1,366 +,<5
2023-10,21 to 40,2,366 +,34
2023-10,21 to 40,3,366 +,27
2023-10,21 to 40,3,<= 365,<5
2023-10,21 to 40,4,<= 180,<5
2023-10,21 to 40,4,<= 365,<5
2023-10,21 to 40,6,<= 90,<5
2023-10,41 to 60,0,N/A,44
2023-10,41 to 60,1,366 +,5
2023-10,41 to 60,2,366 +,62
2023-10,41 to 60,3,366 +,111
2023-10,41 to 60,3,<= 180,<5
2023-10,41 to 60,3,<= 365,<5
2023-10,41 to 60,4,366 +,24
2023-10,41 to 60,4,<= 180,6
2023-10,41 to 60,4,<= 365,9
2023-10,41 to 60,4,<= 90,<5
2023-10,41 to 60,5,366 +,<5
2023-10,41 to 60,5,<= 180,17
2023-10,41 to 60,5,<= 365,7
2023-10,41 to 60,5,<= 90,<5
2023-10,41 to 60,6,<= 180,<5
2023-10,41 to 60,8,<= 365,<5
2023-10,61 to 80,0,N/A,72
2023-10,61 to 80,1,366 +,9
2023-10,61 to 80,2,366 +,113
2023-10,61 to 80,3,366 +,364
2023-10,61 to 80,3,<= 180,<5
2023-10,61 to 80,3,<= 365,<5
2023-10,61 to 80,4,366 +,221
2023-10,61 to 80,4,<= 180,45
2023-10,61 to 80,4,<= 365,70
2023-10,61 to 80,4,<= 90,<5
2023-10,61 to 80,5,366 +,5
2023-10,61 to 80,5,<= 180,176
2023-10,61 to 80,5,<= 30,<5
2023-10,61 to 80,5,<= 365,98
2023-10,61 to 80,5,<= 90,11
2023-10,61 to 80,6,<= 180,8
2023-10,61 to 80,6,<= 30,<5
2023-10,61 to 80,6,<= 365,9
2023-10,61 to 80,6,<= 90,<5
2023-10,81 to 100,0,N/A,64
2023-10,81 to 100,1,366 +,5
2023-10,81 to 100,1,<= 180,<5
2023-10,81 to 100,1,<= 365,<5
2023-10,81 to 100,2,366 +,56
2023-10,81 to 100,2,<= 365,<5
2023-10,81 to 100,3,366 +,323
2023-10,81 to 100,3,<= 180,<5
2023-10,81 to 100,3,<= 365,<5
2023-10,81 to 100,4,366 +,345
2023-10,81 to 100,4,<= 180,90
2023-10,81 to 100,4,<= 365,105
2023-10,81 to 100,4,<= 90,<5
2023-10,81 to 100,5,<= 180,366
2023-10,81 to 100,5,<= 30,<5
2023-10,81 to 100,5,<= 365,174
2023-10,81 to 100,5,<= 90,24
2023-10,81 to 100,6,<= 180,9
2023-10,81 to 100,6,<= 365,<5
2023-11,0 to 20,0,N/A,5
2023-11,0 to 20,2,366 +,10
2023-11,0 to 20,3,366 +,<5
2023-11,0 to 20,3,<= 365,<5
2023-11,0 to 20,4,<= 365,<5
2023-11,100+,0,N/A,<5
2023-11,100+,3,366 +,<5
2023-11,100+,4,366 +,<5
2023-11,100+,4,<= 180,<5
2023-11,100+,4,<= 365,<5
2023-11,100+,5,<= 180,<5
2023-11,100+,5,<= 365,6
2023-11,21 to 40,0,N/A,18
2023-11,21 to 40,1,366 +,<5
2023-11,21 to 40,2,366 +,30
2023-11,21 to 40,3,366 +,21
2023-11,21 to 40,4,366 +,<5
2023-11,21 to 40,5,<= 180,<5
2023-11,21 to 40,5,<= 365,<5
2023-11,41 to 60,0,N/A,36
2023-11,41 to 60,1,366 +,5
2023-11,41 to 60,2,366 +,65
2023-11,41 to 60,3,366 +,88
2023-11,41 to 60,3,<= 180,<5
2023-11,41 to 60,4,366 +,26
2023-11,41 to 60,4,<= 180,8
2023-11,41 to 60,4,<= 365,12
2023-11,41 to 60,5,366 +,<5
2023-11,41 to 60,5,<= 180,6
2023-11,41 to 60,5,<= 30,<5
2023-11,41 to 60,5,<= 365,5
2023-11,41 to 60,5,<= 90,<5
2023-11,41 to 60,6,<= 180,<5
2023-11,41 to 60,6,<= 365,<5
2023-11,41 to 60,7,<= 365,<5
2023-11,61 to 80,0,N/A,67
2023-11,61 to 80,1,366 +,12
2023-11,61 to 80,2,366 +,96
2023-11,61 to 80,2,<= 365,<5
2023-11,61 to 80,3,366 +,341
2023-11,61 to 80,3,<= 180,<5
2023-11,61 to 80,3,<= 365,6
2023-11,61 to 80,4,366 +,194
2023-11,61 to 80,4,<= 180,22
2023-11,61 to 80,4,<= 365,81
2023-11,61 to 80,4,<= 90,<5
2023-11,61 to 80,5,366 +,12
2023-11,61 to 80,5,<= 180,70
2023-11,61 to 80,5,<= 30,<5
2023-11,61 to 80,5,<= 365,208
2023-11,61 to 80,5,<= 90,7
2023-11,61 to 80,6,<= 180,<5
2023-11,61 to 80,6,<= 30,6
2023-11,61 to 80,6,<= 365,12
2023-11,61 to 80,6,<= 90,<5
2023-11,81 to 100,0,N/A,51
2023-11,81 to 100,1,366 +,<5
2023-11,81 to 100,1,<= 365,<5
2023-11,81 to 100,2,366 +,57
2023-11,81 to 100,2,<= 365,<5
2023-11,81 to 100,3,366 +,281
2023-11,81 to 100,3,<= 365,6
2023-11,81 to 100,4,366 +,346
2023-11,81 to 100,4,<= 180,35
2023-11,81 to 100,4,<= 30,<5
2023-11,81 to 100,4,<= 365,135
2023-11,81 to 100,4,<= 90,<5
2023-11,81 to 100,5,366 +,<5
2023-11,81 to 100,5,<= 180,175
2023-11,81 to 100,5,<= 30,6
2023-11,81 to 100,5,<= 365,390
2023-11,81 to 100,5,<= 90,19
2023-11,81 to 100,6,<= 180,<5
2023-11,81 to 100,6,<= 30,8
2023-11,81 to 100,6,<= 365,<5
2023-11,81 to 100,6,<= 90,<5
2023-12,0 to 20,2,366 +,<5
2023-12,21 to 40,2,366 +,<5
2023-12,21 to 40,3,366 +,<5
2023-12,41 to 60,0,N/A,<5
2023-12,41 to 60,2,366 +,<5
2023-12,41 to 60,3,366 +,<5
2023-12,41 to 60,5,<= 365,<5
2023-12,61 to 80,0,N/A,5
2023-12,61 to 80,1,366 +,<5
2023-12,61 to 80,2,366 +,<5
2023-12,61 to 80,3,366 +,16
2023-12,61 to 80,4,366 +,9
2023-12,61 to 80,4,<= 180,<5
2023-12,61 to 80,4,<= 365,9
2023-12,61 to 80,5,<= 180,<5
2023-12,61 to 80,5,<= 365,8
2023-12,61 to 80,6,<= 365,<5
2023-12,81 to 100,0,N/A,<5
2023-12,81 to 100,2,366 +,<5
2023-12,81 to 100,3,366 +,11
2023-12,81 to 100,4,366 +,8
2023-12,81 to 100,4,<= 365,<5
2023-12,81 to 100,5,<= 180,<5
2023-12,81 to 100,5,<= 365,17
2023-12,81 to 100,6,<= 30,<5
Total,Total,0,N/A,79303
Total,Total,1,366 +,263
Total,Total,1,<= 180,269
Total,Total,1,<= 30,1685
Total,Total,1,<= 365,191
Total,Total,1,<= 90,1080
Total,Total,2,366 +,3579
Total,Total,2,<= 180,6341
Total,Total,2,<= 30,1878
Total,Total,2,<= 365,3413
Total,Total,2,<= 90,4840
Total,Total,3,366 +,8577
Total,Total,3,<= 180,8201
Total,Total,3,<= 30,1614
Total,Total,3,<= 365,9735
Total,Total,3,<= 90,4453
Total,Total,4,366 +,2339
Total,Total,4,<= 180,5021
Total,Total,4,<= 30,1202
Total,Total,4,<= 365,7412
Total,Total,4,<= 90,3148
Total,Total,5,366 +,33
Total,Total,5,<= 180,2641
Total,Total,5,<= 30,593
Total,Total,5,<= 365,1056
Total,Total,5,<= 90,1641
Total,Total,6,<= 180,70
Total,Total,6,<= 30,36
Total,Total,6,<= 365,33
Total,Total,6,<= 90,51
Total,Total,7,<= 365,<5
Total,Total,7,<= 90,<5
Total,Total,8,<= 365,<5