Week ending,Vaccine available for distribution at the end of the week
21-Feb,65520
28-Feb,131220
7-Mar,187860
14-Mar,246210
21-Mar,284580
28-Mar,332280
4-Apr,293670
11-Apr,395460
18-Apr,423540
25-Apr,453960
2-May,391080
9-May,371760
16-May,353130
23-May,327240
30-May,288000
6-Jun,189660
13-Jun,117660
20-Jun,160410
27-Jun,84360
4-Jul,20280
11-Jul,35160
18-Jul,68520
25-Jul,136350
1-Aug,217170
8-Aug,220290
15-Aug,286020
22-Aug,459900
29-Aug,184000
5-Sep,319890
12-Sep,386790
19-Sep,642012
26-Sep,810538
3-Oct,1057000
