Date,Age,First Doses,No Dose
2022-01-05,12,62498,5258
2022-01-05,13,62684,5274
2022-01-05,14,62206,5233
2022-01-05,15,59274,4987
2022-01-05,16,57592,5022
2022-01-05,17,57679,5029
2022-01-05,18,57674,5029
2022-01-05,19,57144,4983
2022-01-05,20,58409,5482
2022-01-05,21,60409,5669
2022-01-05,22,59263,5562
2022-01-05,23,59436,5578
2022-01-05,24,61136,5738
2022-01-05,25,62626,5490
2022-01-05,26,64468,5652
2022-01-05,27,65575,5749
2022-01-05,28,67803,5944
2022-01-05,29,71107,6234
2022-01-05,30,70584,7991
2022-01-05,31,71596,8106
2022-01-05,32,69357,7852
2022-01-05,33,68360,7739
2022-01-05,34,66772,7559
2022-01-05,35,64384,6610
2022-01-05,36,62961,6463
2022-01-05,37,62247,6390
2022-01-05,38,61201,6283
2022-01-05,39,60986,6261
2022-01-05,40,59047,5591
2022-01-05,41,58853,5573
2022-01-05,42,57656,5460
2022-01-05,43,56135,5315
2022-01-05,44,55424,5248
2022-01-05,45,56357,4497
2022-01-05,46,56894,4540
2022-01-05,47,58993,4707
2022-01-05,48,60173,4802
2022-01-05,49,63101,5035
2022-01-05,50,62612,6042
2022-01-05,51,61734,5957
2022-01-05,52,60694,5856
2022-01-05,53,60291,5818
2022-01-05,54,58247,5620
2022-01-05,55,57887,4870
2022-01-05,56,58230,4899
2022-01-05,57,59477,5004
2022-01-05,58,60597,5098
2022-01-05,59,60668,5104
2022-01-05,60,58878,5217
2022-01-05,61,57183,5067
2022-01-05,62,54752,4852
2022-01-05,63,53350,4728
2022-01-05,64,51869,4596
2022-01-05,65,50575,4201
2022-01-05,66,48811,4055
2022-01-05,67,47351,3933
2022-01-05,68,45022,3740
2022-01-05,69,44265,3677
2022-01-05,70,42803,2976
2022-01-05,71,42356,2945
2022-01-05,72,40841,2839
2022-01-05,73,40062,2785
2022-01-05,74,39663,2757
2022-01-05,75,34755,3483
2022-01-05,76,30394,3046
2022-01-05,77,27749,2781
2022-01-05,78,24526,2458
2022-01-05,79,24308,2436
2022-01-05,80,24037,2456
2022-01-05,81,22182,2266
2022-01-05,82,19113,1953
2022-01-05,83,16963,1733
2022-01-05,84,15122,1545
2022-01-05,85,13524,1128
2022-01-05,86,11526,962
2022-01-05,87,10848,905
2022-01-05,88,9157,764
2022-01-05,89,7875,657
2022-01-05,90,31306,1819
2022-01-12,12,63020,4736
2022-01-12,13,63208,4750
2022-01-12,14,62725,4714
2022-01-12,15,59769,4492
2022-01-12,16,57855,4759
2022-01-12,17,57942,4766
2022-01-12,18,57938,4765
2022-01-12,19,57405,4722
2022-01-12,20,58722,5169
2022-01-12,21,60732,5346
2022-01-12,22,59581,5244
2022-01-12,23,59754,5260
2022-01-12,24,61464,5410
2022-01-12,25,63048,5068
2022-01-12,26,64903,5217
2022-01-12,27,66017,5307
2022-01-12,28,68260,5487
2022-01-12,29,71587,5754
2022-01-12,30,71063,7512
2022-01-12,31,72082,7620
2022-01-12,32,69828,7381
2022-01-12,33,68824,7275
2022-01-12,34,67225,7106
2022-01-12,35,64711,6283
2022-01-12,36,63280,6144
2022-01-12,37,62563,6074
2022-01-12,38,61512,5972
2022-01-12,39,61296,5951
2022-01-12,40,59280,5358
2022-01-12,41,59085,5341
2022-01-12,42,57884,5232
2022-01-12,43,56356,5094
2022-01-12,44,55642,5030
2022-01-12,45,56552,4302
2022-01-12,46,57091,4343
2022-01-12,47,59196,4504
2022-01-12,48,60381,4594
2022-01-12,49,63319,4817
2022-01-12,50,62805,5849
2022-01-12,51,61924,5767
2022-01-12,52,60880,5670
2022-01-12,53,60477,5632
2022-01-12,54,58426,5441
2022-01-12,55,58050,4707
2022-01-12,56,58394,4735
2022-01-12,57,59645,4836
2022-01-12,58,60768,4927
2022-01-12,59,60839,4933
2022-01-12,60,59012,5083
2022-01-12,61,57314,4936
2022-01-12,62,54877,4727
2022-01-12,63,53472,4606
2022-01-12,64,51987,4478
2022-01-12,65,50673,4103
2022-01-12,66,48906,3960
2022-01-12,67,47443,3841
2022-01-12,68,45110,3652
2022-01-12,69,44351,3591
2022-01-12,70,42858,2921
2022-01-12,71,42411,2890
2022-01-12,72,40893,2787
2022-01-12,73,40113,2734
2022-01-12,74,39714,2706
2022-01-12,75,34781,3457
2022-01-12,76,30417,3023
2022-01-12,77,27770,2760
2022-01-12,78,24545,2439
2022-01-12,79,24326,2418
2022-01-12,80,24050,2443
2022-01-12,81,22194,2254
2022-01-12,82,19124,1942
2022-01-12,83,16972,1724
2022-01-12,84,15130,1537
2022-01-12,85,13530,1122
2022-01-12,86,11531,957
2022-01-12,87,10853,900
2022-01-12,88,9161,760
2022-01-12,89,7878,654
2022-01-12,90,31316,1809
2022-02-16,12,62810,4946
2022-02-16,13,62997,4961
2022-02-16,14,62516,4923
2022-02-16,15,59570,4691
2022-02-16,16,58043,4571
2022-02-16,17,58130,4578
2022-02-16,18,58301,4402
2022-02-16,19,57766,4361
2022-02-16,20,59406,4485
2022-02-16,21,61439,4639
2022-02-16,22,60274,4551
2022-02-16,23,60450,4564
2022-02-16,24,62179,4695
2022-02-16,25,63532,4584
2022-02-16,26,65401,4719
2022-02-16,27,66524,4800
2022-02-16,28,68784,4963
2022-02-16,29,72136,5205
2022-02-16,30,72100,6475
2022-02-16,31,73135,6567
2022-02-16,32,70847,6362
2022-02-16,33,69828,6271
2022-02-16,34,68206,6125
2022-02-16,35,65556,5438
2022-02-16,36,64106,5318
2022-02-16,37,63379,5258
2022-02-16,38,62315,5169
2022-02-16,39,62096,5151
2022-02-16,40,59719,4919
2022-02-16,41,59523,4903
2022-02-16,42,58313,4803
2022-02-16,43,56774,4676
2022-02-16,44,56055,4617
2022-02-16,45,56320,4534
2022-02-16,46,56857,4577
2022-02-16,47,58954,4746
2022-02-16,48,60134,4841
2022-02-16,49,63060,5076
2022-02-16,50,63189,5465
2022-02-16,51,62303,5388
2022-02-16,52,61253,5297
2022-02-16,53,60847,5262
2022-02-16,54,58783,5084
2022-02-16,55,57900,4857
2022-02-16,56,58243,4886
2022-02-16,57,59490,4991
2022-02-16,58,60610,5085
2022-02-16,59,60681,5091
2022-02-16,60,59660,4435
2022-02-16,61,57942,4308
2022-02-16,62,55479,4125
2022-02-16,63,54059,4019
2022-02-16,64,52558,3907
2022-02-16,65,51161,3615
2022-02-16,66,49377,3489
2022-02-16,67,47899,3385
2022-02-16,68,45544,3218
2022-02-16,69,44778,3164
2022-02-16,70,43321,2458
2022-02-16,71,42868,2433
2022-02-16,72,41334,2346
2022-02-16,73,40546,2301
2022-02-16,74,40142,2278
2022-02-16,75,36426,1812
2022-02-16,76,31855,1585
2022-02-16,77,29083,1447
2022-02-16,78,25705,1279
2022-02-16,79,25476,1268
2022-02-16,80,25497,996
2022-02-16,81,23529,919
2022-02-16,82,20274,792
2022-02-16,83,17993,703
2022-02-16,84,16040,627
2022-02-16,85,14401,251
2022-02-16,86,12274,214
2022-02-16,87,11552,201
2022-02-16,88,9751,170
2022-02-16,89,8386,146
2022-02-16,90,34844,-1719
2022-02-23,12,62688,5068
2022-02-23,13,62875,5083
2022-02-23,14,62395,5044
2022-02-23,15,59454,4807
2022-02-23,16,57930,4684
2022-02-23,17,58017,4691
2022-02-23,18,58433,4270
2022-02-23,19,57896,4231
2022-02-23,20,59540,4351
2022-02-23,21,61578,4500
2022-02-23,22,60410,4415
2022-02-23,23,60587,4427
2022-02-23,24,62320,4554
2022-02-23,25,63593,4523
2022-02-23,26,65464,4656
2022-02-23,27,66588,4736
2022-02-23,28,68850,4897
2022-02-23,29,72206,5135
2022-02-23,30,72265,6310
2022-02-23,31,73302,6400
2022-02-23,32,71009,6200
2022-02-23,33,69988,6111
2022-02-23,34,68362,5969
2022-02-23,35,65669,5325
2022-02-23,36,64217,5207
2022-02-23,37,63489,5148
2022-02-23,38,62423,5061
2022-02-23,39,62203,5044
2022-02-23,40,59810,4828
2022-02-23,41,59613,4813
2022-02-23,42,58401,4715
2022-02-23,43,56860,4590
2022-02-23,44,56140,4532
2022-02-23,45,56351,4503
2022-02-23,46,56888,4546
2022-02-23,47,58986,4714
2022-02-23,48,60167,4808
2022-02-23,49,63094,5042
2022-02-23,5,31947,31744
2022-02-23,6,31935,31732
2022-02-23,7,32314,32107
2022-02-23,8,32582,32374
2022-02-23,9,34046,33828
2022-02-23,10,33535,33321
2022-02-23,11,34318,34100
2022-02-23,50,63313,5341
2022-02-23,51,62425,5266
2022-02-23,52,61372,5178
2022-02-23,53,60966,5143
2022-02-23,54,58898,4969
2022-02-23,55,57962,4795
2022-02-23,56,58306,4823
2022-02-23,57,59555,4926
2022-02-23,58,60676,5019
2022-02-23,59,60747,5025
2022-02-23,60,59762,4333
2022-02-23,61,58042,4208
2022-02-23,62,55575,4029
2022-02-23,63,54152,3926
2022-02-23,64,52648,3817
2022-02-23,65,51259,3517
2022-02-23,66,49472,3394
2022-02-23,67,47992,3292
2022-02-23,68,45631,3131
2022-02-23,69,44864,3078
2022-02-23,70,43357,2422
2022-02-23,71,42905,2396
2022-02-23,72,41369,2311
2022-02-23,73,40580,2267
2022-02-23,74,40176,2244
2022-02-23,75,36471,1767
2022-02-23,76,31895,1545
2022-02-23,77,29120,1410
2022-02-23,78,25737,1247
2022-02-23,79,25508,1236
2022-02-23,80,25523,970
2022-02-23,81,23553,895
2022-02-23,82,20295,771
2022-02-23,83,18012,684
2022-02-23,84,16057,610
2022-02-23,85,14422,230
2022-02-23,86,12292,196
2022-02-23,87,11568,185
2022-02-23,88,9765,156
2022-02-23,89,8398,134
2022-02-23,90,34937,-1812
2022-03-02,12,62613,5143
2022-03-02,13,62800,5158
2022-03-02,14,62320,5119
2022-03-02,15,59384,4877
2022-03-02,16,57862,4752
2022-03-02,17,57948,4760
2022-03-02,18,58521,4182
2022-03-02,19,57983,4144
2022-03-02,20,59629,4262
2022-03-02,21,61671,4407
2022-03-02,22,60501,4324
2022-03-02,23,60678,4336
2022-03-02,24,62414,4460
2022-03-02,25,63627,4489
2022-03-02,26,65499,4621
2022-03-02,27,66624,4700
2022-03-02,28,68887,4860
2022-03-02,29,72244,5097
2022-03-02,30,72391,6184
2022-03-02,31,73429,6273
2022-03-02,32,71133,6076
2022-03-02,33,70110,5989
2022-03-02,34,68481,5850
2022-03-02,35,65790,5204
2022-03-02,36,64335,5089
2022-03-02,37,63606,5031
2022-03-02,38,62537,4947
2022-03-02,39,62318,4929
2022-03-02,40,59900,4738
2022-03-02,41,59704,4722
2022-03-02,42,58490,4626
2022-03-02,43,56946,4504
2022-03-02,44,56225,4447
2022-03-02,45,56399,4455
2022-03-02,46,56937,4497
2022-03-02,47,59037,4663
2022-03-02,48,60219,4756
2022-03-02,49,63148,4988
2022-03-02,5,33648,30043
2022-03-02,6,33635,30032
2022-03-02,7,34034,30387
2022-03-02,8,34316,30640
2022-03-02,9,35858,32016
2022-03-02,10,35320,31536
2022-03-02,11,36145,32273
2022-03-02,50,63388,5266
2022-03-02,51,62499,5192
2022-03-02,52,61446,5104
2022-03-02,53,61038,5071
2022-03-02,54,58968,4899
2022-03-02,55,58031,4726
2022-03-02,56,58375,4754
2022-03-02,57,59626,4855
2022-03-02,58,60748,4947
2022-03-02,59,60819,4953
2022-03-02,60,59833,4262
2022-03-02,61,58110,4140
2022-03-02,62,55640,3964
2022-03-02,63,54216,3862
2022-03-02,64,52710,3755
2022-03-02,65,51325,3451
2022-03-02,66,49535,3331
2022-03-02,67,48053,3231
2022-03-02,68,45690,3072
2022-03-02,69,44922,3020
2022-03-02,70,43362,2417
2022-03-02,71,42909,2392
2022-03-02,72,41374,2306
2022-03-02,73,40585,2262
2022-03-02,74,40180,2240
2022-03-02,75,36510,1728
2022-03-02,76,31929,1511
2022-03-02,77,29150,1380
2022-03-02,78,25764,1220
2022-03-02,79,25535,1209
2022-03-02,80,25545,948
2022-03-02,81,23573,875
2022-03-02,82,20312,754
2022-03-02,83,18027,669
2022-03-02,84,16070,597
2022-03-02,85,14435,217
2022-03-02,86,12303,185
2022-03-02,87,11579,174
2022-03-02,88,9774,147
2022-03-02,89,8406,126
2022-03-02,90,34993,-1868
2022-03-09,12,62600,5156
2022-03-09,13,62786,5172
2022-03-09,14,62307,5132
2022-03-09,15,59371,4890
2022-03-09,16,57849,4765
2022-03-09,17,57936,4772
2022-03-09,18,58583,4120
2022-03-09,19,58045,4082
2022-03-09,20,59693,4198
2022-03-09,21,61737,4341
2022-03-09,22,60566,4259
2022-03-09,23,60743,4271
2022-03-09,24,62480,4394
2022-03-09,25,63675,4441
2022-03-09,26,65548,4572
2022-03-09,27,66674,4650
2022-03-09,28,68939,4808
2022-03-09,29,72298,5043
2022-03-09,30,72501,6074
2022-03-09,31,73541,6161
2022-03-09,32,71241,5968
2022-03-09,33,70217,5882
2022-03-09,34,68585,5746
2022-03-09,35,65875,5119
2022-03-09,36,64419,5005
2022-03-09,37,63688,4949
2022-03-09,38,62618,4866
2022-03-09,39,62398,4849
2022-03-09,40,59958,4680
2022-03-09,41,59762,4664
2022-03-09,42,58546,4570
2022-03-09,43,57001,4449
2022-03-09,44,56279,4393
2022-03-09,45,56424,4430
2022-03-09,46,56962,4472
2022-03-09,47,59063,4637
2022-03-09,48,60245,4730
2022-03-09,49,63176,4960
2022-03-09,5,33546,30145
2022-03-09,6,33533,30134
2022-03-09,7,33931,30490
2022-03-09,8,34212,30744
2022-03-09,9,35749,32125
2022-03-09,10,35213,31643
2022-03-09,11,36036,32382
2022-03-09,50,63436,5218
2022-03-09,51,62546,5145
2022-03-09,52,61492,5058
2022-03-09,53,61085,5024
2022-03-09,54,59013,4854
2022-03-09,55,58057,4700
2022-03-09,56,58401,4728
2022-03-09,57,59651,4830
2022-03-09,58,60774,4921
2022-03-09,59,60846,4926
2022-03-09,60,59890,4205
2022-03-09,61,58166,4084
2022-03-09,62,55694,3910
2022-03-09,63,54268,3810
2022-03-09,64,52761,3704
2022-03-09,65,51358,3418
2022-03-09,66,49567,3299
2022-03-09,67,48084,3200
2022-03-09,68,45719,3043
2022-03-09,69,44950,2992
2022-03-09,70,43380,2399
2022-03-09,71,42927,2374
2022-03-09,72,41391,2289
2022-03-09,73,40602,2245
2022-03-09,74,40197,2223
2022-03-09,75,36529,1709
2022-03-09,76,31945,1495
2022-03-09,77,29165,1365
2022-03-09,78,25778,1206
2022-03-09,79,25549,1195
2022-03-09,80,25558,935
2022-03-09,81,23585,863
2022-03-09,82,20322,744
2022-03-09,83,18036,660
2022-03-09,84,16079,588
2022-03-09,85,14448,204
2022-03-09,86,12314,174
2022-03-09,87,11590,163
2022-03-09,88,9783,138
2022-03-09,89,8413,119
2022-03-09,90,35030,-1905
2022-03-16,12,62620,5136
2022-03-16,13,62807,5151
2022-03-16,14,62327,5112
2022-03-16,15,59390,4871
2022-03-16,16,57868,4746
2022-03-16,17,57955,4753
2022-03-16,18,58652,4051
2022-03-16,19,58114,4013
2022-03-16,20,59764,4127
2022-03-16,21,61809,4269
2022-03-16,22,60637,4188
2022-03-16,23,60814,4200
2022-03-16,24,62554,4320
2022-03-16,25,63716,4400
2022-03-16,26,65590,4530
2022-03-16,27,66716,4608
2022-03-16,28,68983,4764
2022-03-16,29,72345,4996
2022-03-16,30,72564,6011
2022-03-16,31,73605,6097
2022-03-16,32,71303,5906
2022-03-16,33,70277,5822
2022-03-16,34,68645,5686
2022-03-16,35,65932,5062
2022-03-16,36,64474,4950
2022-03-16,37,63743,4894
2022-03-16,38,62672,4812
2022-03-16,39,62452,4795
2022-03-16,40,60010,4628
2022-03-16,41,59813,4613
2022-03-16,42,58597,4519
2022-03-16,43,57050,4400
2022-03-16,44,56328,4344
2022-03-16,45,56442,4412
2022-03-16,46,56980,4454
2022-03-16,47,59082,4618
2022-03-16,48,60264,4711
2022-03-16,49,63196,4940
2022-03-16,5,34896,28795
2022-03-16,6,34883,28784
2022-03-16,7,35296,29125
2022-03-16,8,35589,29367
2022-03-16,9,37188,30686
2022-03-16,10,36630,30226
2022-03-16,11,37486,30932
2022-03-16,50,63471,5183
2022-03-16,51,62580,5111
2022-03-16,52,61525,5025
2022-03-16,53,61118,4991
2022-03-16,54,59045,4822
2022-03-16,55,58082,4675
2022-03-16,56,58426,4703
2022-03-16,57,59677,4804
2022-03-16,58,60801,4894
2022-03-16,59,60872,4900
2022-03-16,60,59922,4173
2022-03-16,61,58198,4052
2022-03-16,62,55724,3880
2022-03-16,63,54297,3781
2022-03-16,64,52789,3676
2022-03-16,65,51385,3391
2022-03-16,66,49594,3272
2022-03-16,67,48110,3174
2022-03-16,68,45744,3018
2022-03-16,69,44974,2968
2022-03-16,70,43394,2385
2022-03-16,71,42941,2360
2022-03-16,72,41404,2276
2022-03-16,73,40615,2232
2022-03-16,74,40210,2210
2022-03-16,75,36544,1694
2022-03-16,76,31959,1481
2022-03-16,77,29178,1352
2022-03-16,78,25789,1195
2022-03-16,79,25559,1185
2022-03-16,80,25568,925
2022-03-16,81,23595,853
2022-03-16,82,20331,735
2022-03-16,83,18044,652
2022-03-16,84,16085,582
2022-03-16,85,14453,199
2022-03-16,86,12318,170
2022-03-16,87,11593,160
2022-03-16,88,9786,135
2022-03-16,89,8416,116
2022-03-16,90,35056,-1931
2022-03-23,12,62735,5021
2022-03-23,13,62922,5036
2022-03-23,14,62442,4997
2022-03-23,15,59499,4762
2022-03-23,16,57974,4640
2022-03-23,17,58061,4647
2022-03-23,18,58703,4000
2022-03-23,19,58163,3964
2022-03-23,20,59815,4076
2022-03-23,21,61862,4216
2022-03-23,22,60689,4136
2022-03-23,23,60866,4148
2022-03-23,24,62607,4267
2022-03-23,25,63750,4366
2022-03-23,26,65625,4495
2022-03-23,27,66752,4572
2022-03-23,28,69020,4727
2022-03-23,29,72383,4958
2022-03-23,30,72603,5972
2022-03-23,31,73645,6057
2022-03-23,32,71341,5868
2022-03-23,33,70315,5784
2022-03-23,34,68682,5649
2022-03-23,35,65968,5026
2022-03-23,36,64509,4915
2022-03-23,37,63778,4859
2022-03-23,38,62706,4778
2022-03-23,39,62486,4761
2022-03-23,40,60023,4615
2022-03-23,41,59826,4600
2022-03-23,42,58610,4506
2022-03-23,43,57062,4388
2022-03-23,44,56340,4332
2022-03-23,45,56430,4424
2022-03-23,46,56968,4466
2022-03-23,47,59069,4631
2022-03-23,48,60251,4724
2022-03-23,49,63183,4953
2022-03-23,5,35393,28298
2022-03-23,6,35380,28287
2022-03-23,7,35799,28622
2022-03-23,8,36096,28860
2022-03-23,9,37718,30156
2022-03-23,10,37152,29704
2022-03-23,11,38020,30398
2022-03-23,50,63429,5225
2022-03-23,51,62540,5151
2022-03-23,52,61486,5064
2022-03-23,53,61078,5031
2022-03-23,54,59007,4860
2022-03-23,55,58006,4751
2022-03-23,56,58350,4779
2022-03-23,57,59600,4881
2022-03-23,58,60722,4973
2022-03-23,59,60793,4979
2022-03-23,60,59781,4314
2022-03-23,61,58061,4189
2022-03-23,62,55593,4011
2022-03-23,63,54169,3909
2022-03-23,64,52665,3800
2022-03-23,65,51166,3610
2022-03-23,66,49382,3484
2022-03-23,67,47904,3380
2022-03-23,68,45549,3213
2022-03-23,69,44783,3159
2022-03-23,70,43032,2747
2022-03-23,71,42583,2718
2022-03-23,72,41059,2621
2022-03-23,73,40276,2571
2022-03-23,74,39875,2545
2022-03-23,75,35970,2268
2022-03-23,76,31457,1983
2022-03-23,77,28720,1810
2022-03-23,78,25384,1600
2022-03-23,79,25158,1586
2022-03-23,80,24827,1666
2022-03-23,81,22910,1538
2022-03-23,82,19741,1325
2022-03-23,83,17520,1176
2022-03-23,84,15619,1048
2022-03-23,85,13620,1032
2022-03-23,86,11609,879
2022-03-23,87,10926,827
2022-03-23,88,9223,698
2022-03-23,89,7931,601
2022-03-23,90,30670,2455
2022-03-30,12,62823,4933
2022-03-30,13,63011,4947
2022-03-30,14,62529,4910
2022-03-30,15,59583,4678
2022-03-30,16,58056,4558
2022-03-30,17,58143,4565
2022-03-30,18,58746,3957
2022-03-30,19,58207,3920
2022-03-30,20,59859,4032
2022-03-30,21,61908,4170
2022-03-30,22,60735,4090
2022-03-30,23,60912,4102
2022-03-30,24,62654,4220
2022-03-30,25,63763,4353
2022-03-30,26,65639,4481
2022-03-30,27,66766,4558
2022-03-30,28,69035,4712
2022-03-30,29,72399,4942
2022-03-30,30,72643,5932
2022-03-30,31,73684,6018
2022-03-30,32,71380,5829
2022-03-30,33,70354,5745
2022-03-30,34,68719,5612
2022-03-30,35,65989,5005
2022-03-30,36,64530,4894
2022-03-30,37,63798,4839
2022-03-30,38,62726,4758
2022-03-30,39,62506,4741
2022-03-30,40,60049,4589
2022-03-30,41,59852,4574
2022-03-30,42,58635,4481
2022-03-30,43,57087,4363
2022-03-30,44,56364,4308
2022-03-30,45,56448,4406
2022-03-30,46,56986,4448
2022-03-30,47,59088,4612
2022-03-30,48,60271,4704
2022-03-30,49,63203,4933
2022-03-30,5,35520,28171
2022-03-30,6,35507,28160
2022-03-30,7,35928,28493
2022-03-30,8,36226,28730
2022-03-30,9,37853,30021
2022-03-30,10,37286,29570
2022-03-30,11,38157,30261
2022-03-30,50,63443,5211
2022-03-30,51,62553,5138
2022-03-30,52,61499,5051
2022-03-30,53,61091,5018
2022-03-30,54,59019,4848
2022-03-30,55,58013,4744
2022-03-30,56,58356,4773
2022-03-30,57,59606,4875
2022-03-30,58,60728,4967
2022-03-30,59,60800,4972
2022-03-30,60,59794,4301
2022-03-30,61,58073,4177
2022-03-30,62,55605,3999
2022-03-30,63,54181,3897
2022-03-30,64,52676,3789
2022-03-30,65,51172,3604
2022-03-30,66,49387,3479
2022-03-30,67,47910,3374
2022-03-30,68,45553,3209
2022-03-30,69,44787,3155
2022-03-30,70,43019,2760
2022-03-30,71,42569,2732
2022-03-30,72,41046,2634
2022-03-30,73,40263,2584
2022-03-30,74,39862,2558
2022-03-30,75,35951,2287
2022-03-30,76,31440,2000
2022-03-30,77,28704,1826
2022-03-30,78,25370,1614
2022-03-30,79,25145,1599
2022-03-30,80,24797,1696
2022-03-30,81,22883,1565
2022-03-30,82,19718,1348
2022-03-30,83,17499,1197
2022-03-30,84,15600,1067
2022-03-30,85,13582,1070
2022-03-30,86,11576,912
2022-03-30,87,10895,858
2022-03-30,88,9197,724
2022-03-30,89,7909,623
2022-03-30,90,30482,2643
2022-04-06,12,62864,4892
2022-04-06,13,63051,4907
2022-04-06,14,62570,4869
2022-04-06,15,59621,4640
2022-04-06,16,58093,4521
2022-04-06,17,58180,4528
2022-04-06,18,58765,3938
2022-04-06,19,58225,3902
2022-04-06,20,59879,4012
2022-04-06,21,61928,4150
2022-04-06,22,60754,4071
2022-04-06,23,60931,4083
2022-04-06,24,62674,4200
2022-04-06,25,63777,4339
2022-04-06,26,65653,4467
2022-04-06,27,66781,4543
2022-04-06,28,69049,4698
2022-04-06,29,72414,4927
2022-04-06,30,72666,5909
2022-04-06,31,73708,5994
2022-04-06,32,71403,5806
2022-04-06,33,70376,5723
2022-04-06,34,68741,5590
2022-04-06,35,66017,4977
2022-04-06,36,64557,4867
2022-04-06,37,63826,4811
2022-04-06,38,62753,4731
2022-04-06,39,62533,4714
2022-04-06,40,60068,4570
2022-04-06,41,59871,4555
2022-04-06,42,58654,4462
2022-04-06,43,57105,4345
2022-04-06,44,56382,4290
2022-04-06,45,56454,4400
2022-04-06,46,56992,4442
2022-04-06,47,59094,4606
2022-04-06,48,60277,4698
2022-04-06,49,63210,4926
2022-04-06,5,35610,28081
2022-04-06,6,35596,28071
2022-04-06,7,36018,28403
2022-04-06,8,36317,28639
2022-04-06,9,37948,29926
2022-04-06,10,37379,29477
2022-04-06,11,38253,30165
2022-04-06,50,63450,5204
2022-04-06,51,62560,5131
2022-04-06,52,61506,5044
2022-04-06,53,61098,5011
2022-04-06,54,59026,4841
2022-04-06,55,58013,4744
2022-04-06,56,58356,4773
2022-04-06,57,59606,4875
2022-04-06,58,60728,4967
2022-04-06,59,60800,4972
2022-04-06,60,59788,4307
2022-04-06,61,58067,4183
2022-04-06,62,55599,4005
2022-04-06,63,54175,3903
2022-04-06,64,52671,3794
2022-04-06,65,51166,3610
2022-04-06,66,49382,3484
2022-04-06,67,47904,3380
2022-04-06,68,45549,3213
2022-04-06,69,44783,3159
2022-04-06,70,43009,2770
2022-04-06,71,42560,2741
2022-04-06,72,41037,2643
2022-04-06,73,40255,2592
2022-04-06,74,39854,2566
2022-04-06,75,35932,2306
2022-04-06,76,31424,2016
2022-04-06,77,28689,1841
2022-04-06,78,25357,1627
2022-04-06,79,25131,1613
2022-04-06,80,24763,1730
2022-04-06,81,22852,1596
2022-04-06,82,19690,1376
2022-04-06,83,17475,1221
2022-04-06,84,15579,1088
2022-04-06,85,13546,1106
2022-04-06,86,11545,943
2022-04-06,87,10866,887
2022-04-06,88,9172,749
2022-04-06,89,7888,644
2022-04-06,90,30286,2839
2022-04-13,12,62878,4878
2022-04-13,13,63065,4893
2022-04-13,14,62583,4856
2022-04-13,15,59634,4627
2022-04-13,16,58106,4508
2022-04-13,17,58193,4515
2022-04-13,18,58797,3906
2022-04-13,19,58256,3871
2022-04-13,20,59911,3980
2022-04-13,21,61961,4117
2022-04-13,22,60786,4039
2022-04-13,23,60964,4050
2022-04-13,24,62708,4166
2022-04-13,25,63791,4325
2022-04-13,26,65667,4453
2022-04-13,27,66795,4529
2022-04-13,28,69064,4683
2022-04-13,29,72430,4911
2022-04-13,30,72682,5893
2022-04-13,31,73724,5978
2022-04-13,32,71418,5791
2022-04-13,33,70392,5707
2022-04-13,34,68756,5575
2022-04-13,35,66039,4955
2022-04-13,36,64578,4846
2022-04-13,37,63846,4791
2022-04-13,38,62774,4710
2022-04-13,39,62553,4694
2022-04-13,40,60087,4551
2022-04-13,41,59890,4536
2022-04-13,42,58673,4443
2022-04-13,43,57124,4326
2022-04-13,44,56401,4271
2022-04-13,45,56460,4394
2022-04-13,46,56998,4436
2022-04-13,47,59101,4599
2022-04-13,48,60284,4691
2022-04-13,49,63217,4919
2022-04-13,5,35673,28018
2022-04-13,6,35660,28007
2022-04-13,7,36082,28339
2022-04-13,8,36382,28574
2022-04-13,9,38016,29858
2022-04-13,10,37446,29410
2022-04-13,11,38321,30097
2022-04-13,50,63450,5204
2022-04-13,51,62560,5131
2022-04-13,52,61506,5044
2022-04-13,53,61098,5011
2022-04-13,54,59026,4841
2022-04-13,55,58013,4744
2022-04-13,56,58356,4773
2022-04-13,57,59606,4875
2022-04-13,58,60728,4967
2022-04-13,59,60800,4972
2022-04-13,60,59801,4294
2022-04-13,61,58079,4171
2022-04-13,62,55611,3993
2022-04-13,63,54187,3891
2022-04-13,64,52682,3783
2022-04-13,65,51172,3604
2022-04-13,66,49387,3479
2022-04-13,67,47910,3374
2022-04-13,68,45553,3209
2022-04-13,69,44787,3155
2022-04-13,70,43009,2770
2022-04-13,71,42560,2741
2022-04-13,72,41037,2643
2022-04-13,73,40255,2592
2022-04-13,74,39854,2566
2022-04-13,75,35925,2313
2022-04-13,76,31417,2023
2022-04-13,77,28683,1847
2022-04-13,78,25351,1633
2022-04-13,79,25126,1618
2022-04-13,80,24744,1749
2022-04-13,81,22834,1614
2022-04-13,82,19676,1390
2022-04-13,83,17462,1234
2022-04-13,84,15567,1100
2022-04-13,85,13531,1121
2022-04-13,86,11533,955
2022-04-13,87,10854,899
2022-04-13,88,9162,759
2022-04-13,89,7879,653
2022-04-13,90,30187,2938
2022-04-20,12,62884,4872
2022-04-20,13,63072,4886
2022-04-20,14,62590,4849
2022-04-20,15,59641,4620
2022-04-20,16,58112,4502
2022-04-20,17,58199,4509
2022-04-20,18,58822,3881
2022-04-20,19,58281,3846
2022-04-20,20,59936,3955
2022-04-20,21,61988,4090
2022-04-20,22,60812,4013
2022-04-20,23,60990,4024
2022-04-20,24,62734,4140
2022-04-20,25,63791,4325
2022-04-20,26,65667,4453
2022-04-20,27,66795,4529
2022-04-20,28,69064,4683
2022-04-20,29,72430,4911
2022-04-20,30,72698,5877
2022-04-20,31,73740,5962
2022-04-20,32,71434,5775
2022-04-20,33,70407,5692
2022-04-20,34,68771,5560
2022-04-20,35,66046,4948
2022-04-20,36,64585,4839
2022-04-20,37,63853,4784
2022-04-20,38,62780,4704
2022-04-20,39,62560,4687
2022-04-20,40,60094,4544
2022-04-20,41,59897,4529
2022-04-20,42,58679,4437
2022-04-20,43,57130,4320
2022-04-20,44,56407,4265
2022-04-20,45,56466,4388
2022-04-20,46,57005,4429
2022-04-20,47,59107,4593
2022-04-20,48,60290,4685
2022-04-20,49,63223,4913
2022-04-20,5,35705,27986
2022-04-20,6,35692,27975
2022-04-20,7,36114,28307
2022-04-20,8,36414,28542
2022-04-20,9,38050,29824
2022-04-20,10,37479,29377
2022-04-20,11,38355,30063
2022-04-20,50,63457,5197
2022-04-20,51,62567,5124
2022-04-20,52,61512,5038
2022-04-20,53,61105,5004
2022-04-20,54,59032,4835
2022-04-20,55,58019,4738
2022-04-20,56,58363,4766
2022-04-20,57,59613,4868
2022-04-20,58,60735,4960
2022-04-20,59,60806,4966
2022-04-20,60,59801,4294
2022-04-20,61,58079,4171
2022-04-20,62,55611,3993
2022-04-20,63,54187,3891
2022-04-20,64,52682,3783
2022-04-20,65,51177,3599
2022-04-20,66,49393,3473
2022-04-20,67,47915,3369
2022-04-20,68,45558,3204
2022-04-20,69,44792,3150
2022-04-20,70,43000,2779
2022-04-20,71,42551,2750
2022-04-20,72,41029,2651
2022-04-20,73,40246,2601
2022-04-20,74,39845,2575
2022-04-20,75,35913,2325
2022-04-20,76,31407,2033
2022-04-20,77,28674,1856
2022-04-20,78,25343,1641
2022-04-20,79,25118,1626
2022-04-20,80,24729,1764
2022-04-20,81,22820,1628
2022-04-20,82,19663,1403
2022-04-20,83,17451,1245
2022-04-20,84,15557,1110
2022-04-20,85,13514,1138
2022-04-20,86,11518,970
2022-04-20,87,10840,913
2022-04-20,88,9150,771
2022-04-20,89,7869,663
2022-04-20,90,30101,3024
2022-04-27,12,62884,4872
2022-04-27,13,63072,4886
2022-04-27,14,62590,4849
2022-04-27,15,59641,4620
2022-04-27,16,58112,4502
2022-04-27,17,58199,4509
2022-04-27,18,58853,3850
2022-04-27,19,58312,3815
2022-04-27,20,59968,3923
2022-04-27,21,62021,4057
2022-04-27,22,60845,3980
2022-04-27,23,61022,3992
2022-04-27,24,62768,4106
2022-04-27,25,63804,4312
2022-04-27,26,65681,4439
2022-04-27,27,66809,4515
2022-04-27,28,69079,4668
2022-04-27,29,72445,4896
2022-04-27,30,72705,5870
2022-04-27,31,73748,5954
2022-04-27,32,71441,5768
2022-04-27,33,70414,5685
2022-04-27,34,68778,5553
2022-04-27,35,66060,4934
2022-04-27,36,64599,4825
2022-04-27,37,63867,4770
2022-04-27,38,62794,4690
2022-04-27,39,62573,4674
2022-04-27,40,60100,4538
2022-04-27,41,59903,4523
2022-04-27,42,58685,4431
2022-04-27,43,57136,4314
2022-04-27,44,56413,4259
2022-04-27,45,56460,4394
2022-04-27,46,56998,4436
2022-04-27,47,59101,4599
2022-04-27,48,60284,4691
2022-04-27,49,63217,4919
2022-04-27,5,35762,27929
2022-04-27,6,35749,27918
2022-04-27,7,36172,28249
2022-04-27,8,36473,28483
2022-04-27,9,38111,29763
2022-04-27,10,37540,29316
2022-04-27,11,38417,30001
2022-04-27,50,63464,5190
2022-04-27,51,62574,5117
2022-04-27,52,61519,5031
2022-04-27,53,61111,4998
2022-04-27,54,59039,4828
2022-04-27,55,58019,4738
2022-04-27,56,58363,4766
2022-04-27,57,59613,4868
2022-04-27,58,60735,4960
2022-04-27,59,60806,4966
2022-04-27,60,59801,4294
2022-04-27,61,58079,4171
2022-04-27,62,55611,3993
2022-04-27,63,54187,3891
2022-04-27,64,52682,3783
2022-04-27,65,51172,3604
2022-04-27,66,49387,3479
2022-04-27,67,47910,3374
2022-04-27,68,45553,3209
2022-04-27,69,44787,3155
2022-04-27,70,42991,2788
2022-04-27,71,42542,2759
2022-04-27,72,41020,2660
2022-04-27,73,40238,2609
2022-04-27,74,39837,2583
2022-04-27,75,35898,2340
2022-04-27,76,31393,2047
2022-04-27,77,28662,1868
2022-04-27,78,25333,1651
2022-04-27,79,25107,1637
2022-04-27,80,24710,1783
2022-04-27,81,22803,1645
2022-04-27,82,19648,1418
2022-04-27,83,17438,1258
2022-04-27,84,15545,1122
2022-04-27,85,13492,1160
2022-04-27,86,11499,989
2022-04-27,87,10822,931
2022-04-27,88,9135,786
2022-04-27,89,7856,676
2022-04-27,90,30001,3124
2022-05-04,12,62884,4872
2022-05-04,13,63072,4886
2022-05-04,14,62590,4849
2022-05-04,15,59641,4620
2022-05-04,16,58112,4502
2022-05-04,17,58199,4509
2022-05-04,18,58878,3825
2022-05-04,19,58337,3790
2022-05-04,20,59994,3897
2022-05-04,21,62047,4031
2022-05-04,22,60871,3954
2022-05-04,23,61048,3966
2022-05-04,24,62795,4079
2022-05-04,25,63804,4312
2022-05-04,26,65681,4439
2022-05-04,27,66809,4515
2022-05-04,28,69079,4668
2022-05-04,29,72445,4896
2022-05-04,30,72729,5846
2022-05-04,31,73772,5930
2022-05-04,32,71465,5744
2022-05-04,33,70437,5662
2022-05-04,34,68801,5530
2022-05-04,35,66074,4920
2022-05-04,36,64613,4811
2022-05-04,37,63880,4757
2022-05-04,38,62807,4677
2022-05-04,39,62587,4660
2022-05-04,40,60113,4525
2022-05-04,41,59916,4510
2022-05-04,42,58698,4418
2022-05-04,43,57149,4301
2022-05-04,44,56425,4247
2022-05-04,45,56466,4388
2022-05-04,46,57005,4429
2022-05-04,47,59107,4593
2022-05-04,48,60290,4685
2022-05-04,49,63223,4913
2022-05-04,5,35813,27878
2022-05-04,6,35800,27867
2022-05-04,7,36224,28197
2022-05-04,8,36525,28431
2022-05-04,9,38166,29708
2022-05-04,10,37593,29263
2022-05-04,11,38471,29947
2022-05-04,50,63471,5183
2022-05-04,51,62580,5111
2022-05-04,52,61525,5025
2022-05-04,53,61118,4991
2022-05-04,54,59045,4822
2022-05-04,55,58019,4738
2022-05-04,56,58363,4766
2022-05-04,57,59613,4868
2022-05-04,58,60735,4960
2022-05-04,59,60806,4966
2022-05-04,60,59801,4294
2022-05-04,61,58079,4171
2022-05-04,62,55611,3993
2022-05-04,63,54187,3891
2022-05-04,64,52682,3783
2022-05-04,65,51166,3610
2022-05-04,66,49382,3484
2022-05-04,67,47904,3380
2022-05-04,68,45549,3213
2022-05-04,69,44783,3159
2022-05-04,70,42973,2806
2022-05-04,71,42524,2777
2022-05-04,72,41002,2678
2022-05-04,73,40220,2627
2022-05-04,74,39820,2600
2022-05-04,75,35875,2363
2022-05-04,76,31373,2067
2022-05-04,77,28643,1887
2022-05-04,78,25316,1668
2022-05-04,79,25091,1653
2022-05-04,80,24676,1817
2022-05-04,81,22771,1677
2022-05-04,82,19621,1445
2022-05-04,83,17413,1283
2022-05-04,84,15524,1143
2022-05-04,85,13456,1196
2022-05-04,86,11469,1019
2022-05-04,87,10794,959
2022-05-04,88,9111,810
2022-05-04,89,7836,696
2022-05-04,90,29829,3296
2022-05-11,12,62878,4878
2022-05-11,13,63065,4893
2022-05-11,14,62583,4856
2022-05-11,15,59634,4627
2022-05-11,16,58106,4508
2022-05-11,17,58193,4515
2022-05-11,18,58903,3800
2022-05-11,19,58362,3765
2022-05-11,20,60019,3872
2022-05-11,21,62074,4004
2022-05-11,22,60897,3928
2022-05-11,23,61074,3940
2022-05-11,24,62821,4053
2022-05-11,25,63818,4298
2022-05-11,26,65695,4425
2022-05-11,27,66823,4501
2022-05-11,28,69094,4653
2022-05-11,29,72461,4880
2022-05-11,30,72737,5838
2022-05-11,31,73780,5922
2022-05-11,32,71472,5737
2022-05-11,33,70445,5654
2022-05-11,34,68808,5523
2022-05-11,35,66088,4906
2022-05-11,36,64627,4797
2022-05-11,37,63894,4743
2022-05-11,38,62821,4663
2022-05-11,39,62600,4647
2022-05-11,40,60120,4518
2022-05-11,41,59923,4503
2022-05-11,42,58704,4412
2022-05-11,43,57155,4295
2022-05-11,44,56431,4241
2022-05-11,45,56460,4394
2022-05-11,46,56998,4436
2022-05-11,47,59101,4599
2022-05-11,48,60284,4691
2022-05-11,49,63217,4919
2022-05-11,5,35852,27839
2022-05-11,6,35838,27829
2022-05-11,7,36263,28158
2022-05-11,8,36564,28392
2022-05-11,9,38206,29668
2022-05-11,10,37633,29223
2022-05-11,11,38512,29906
2022-05-11,50,63471,5183
2022-05-11,51,62580,5111
2022-05-11,52,61525,5025
2022-05-11,53,61118,4991
2022-05-11,54,59045,4822
2022-05-11,55,58019,4738
2022-05-11,56,58363,4766
2022-05-11,57,59613,4868
2022-05-11,58,60735,4960
2022-05-11,59,60806,4966
2022-05-11,60,59794,4301
2022-05-11,61,58073,4177
2022-05-11,62,55605,3999
2022-05-11,63,54181,3897
2022-05-11,64,52676,3789
2022-05-11,65,51161,3615
2022-05-11,66,49377,3489
2022-05-11,67,47899,3385
2022-05-11,68,45544,3218
2022-05-11,69,44778,3164
2022-05-11,70,42964,2815
2022-05-11,71,42515,2786
2022-05-11,72,40994,2686
2022-05-11,73,40212,2635
2022-05-11,74,39811,2609
2022-05-11,75,35856,2382
2022-05-11,76,31357,2083
2022-05-11,77,28628,1902
2022-05-11,78,25303,1681
2022-05-11,79,25078,1666
2022-05-11,80,24646,1847
2022-05-11,81,22744,1704
2022-05-11,82,19598,1468
2022-05-11,83,17393,1303
2022-05-11,84,15505,1162
2022-05-11,85,13426,1226
2022-05-11,86,11443,1045
2022-05-11,87,10769,984
2022-05-11,88,9091,830
2022-05-11,89,7818,714
2022-05-11,90,29660,3465
2022-05-18,12,62878,4878
2022-05-18,13,63065,4893
2022-05-18,14,62583,4856
2022-05-18,15,59634,4627
2022-05-18,16,58106,4508
2022-05-18,17,58193,4515
2022-05-18,18,58922,3781
2022-05-18,19,58381,3746
2022-05-18,20,60038,3853
2022-05-18,21,62093,3985
2022-05-18,22,60916,3909
2022-05-18,23,61094,3920
2022-05-18,24,62841,4033
2022-05-18,25,63825,4291
2022-05-18,26,65702,4418
2022-05-18,27,66831,4493
2022-05-18,28,69101,4646
2022-05-18,29,72469,4872
2022-05-18,30,72753,5822
2022-05-18,31,73796,5906
2022-05-18,32,71488,5721
2022-05-18,33,70460,5639
2022-05-18,34,68823,5508
2022-05-18,35,66103,4891
2022-05-18,36,64641,4783
2022-05-18,37,63908,4729
2022-05-18,38,62834,4650
2022-05-18,39,62614,4633
2022-05-18,40,60126,4512
2022-05-18,41,59929,4497
2022-05-18,42,58711,4405
2022-05-18,43,57161,4289
2022-05-18,44,56437,4235
2022-05-18,45,56454,4400
2022-05-18,46,56992,4442
2022-05-18,47,59094,4606
2022-05-18,48,60277,4698
2022-05-18,49,63210,4926
2022-05-18,5,35884,27807
2022-05-18,6,35870,27797
2022-05-18,7,36295,28126
2022-05-18,8,36596,28360
2022-05-18,9,38240,29634
2022-05-18,10,37667,29189
2022-05-18,11,38547,29871
2022-05-18,50,63471,5183
2022-05-18,51,62580,5111
2022-05-18,52,61525,5025
2022-05-18,53,61118,4991
2022-05-18,54,59045,4822
2022-05-18,55,58013,4744
2022-05-18,56,58356,4773
2022-05-18,57,59606,4875
2022-05-18,58,60728,4967
2022-05-18,59,60800,4972
2022-05-18,60,59775,4320
2022-05-18,61,58054,4196
2022-05-18,62,55587,4017
2022-05-18,63,54164,3914
2022-05-18,64,52659,3806
2022-05-18,65,51139,3637
2022-05-18,66,49356,3510
2022-05-18,67,47879,3405
2022-05-18,68,45524,3238
2022-05-18,69,44759,3183
2022-05-18,70,42941,2838
2022-05-18,71,42492,2809
2022-05-18,72,40972,2708
2022-05-18,73,40190,2657
2022-05-18,74,39790,2630
2022-05-18,75,35818,2420
2022-05-18,76,31323,2117
2022-05-18,77,28597,1933
2022-05-18,78,25276,1708
2022-05-18,79,25051,1693
2022-05-18,80,24607,1886
2022-05-18,81,22707,1741
2022-05-18,82,19566,1500
2022-05-18,83,17365,1331
2022-05-18,84,15480,1187
2022-05-18,85,13379,1273
2022-05-18,86,11403,1085
2022-05-18,87,10732,1021
2022-05-18,88,9059,862
2022-05-18,89,7791,741
2022-05-18,90,29422,3703
2022-05-25,12,62884,4872
2022-05-25,13,63072,4886
2022-05-25,14,62590,4849
2022-05-25,15,59641,4620
2022-05-25,16,58112,4502
2022-05-25,17,58199,4509
2022-05-25,18,58935,3768
2022-05-25,19,58393,3734
2022-05-25,20,60051,3840
2022-05-25,21,62107,3971
2022-05-25,22,60929,3896
2022-05-25,23,61107,3907
2022-05-25,24,62855,4019
2022-05-25,25,63832,4284
2022-05-25,26,65709,4411
2022-05-25,27,66838,4486
2022-05-25,28,69108,4639
2022-05-25,29,72476,4865
2022-05-25,30,72768,5807
2022-05-25,31,73812,5890
2022-05-25,32,71503,5706
2022-05-25,33,70475,5624
2022-05-25,34,68838,5493
2022-05-25,35,66110,4884
2022-05-25,36,64648,4776
2022-05-25,37,63915,4722
2022-05-25,38,62841,4643
2022-05-25,39,62620,4627
2022-05-25,40,60139,4499
2022-05-25,41,59942,4484
2022-05-25,42,58723,4393
2022-05-25,43,57173,4277
2022-05-25,44,56449,4223
2022-05-25,45,56460,4394
2022-05-25,46,56998,4436
2022-05-25,47,59101,4599
2022-05-25,48,60284,4691
2022-05-25,49,63217,4919
2022-05-25,5,35915,27776
2022-05-25,6,35902,27765
2022-05-25,7,36327,28094
2022-05-25,8,36629,28327
2022-05-25,9,38274,29600
2022-05-25,10,37700,29156
2022-05-25,11,38581,29837
2022-05-25,50,63471,5183
2022-05-25,51,62580,5111
2022-05-25,52,61525,5025
2022-05-25,53,61118,4991
2022-05-25,54,59045,4822
2022-05-25,55,58013,4744
2022-05-25,56,58356,4773
2022-05-25,57,59606,4875
2022-05-25,58,60728,4967
2022-05-25,59,60800,4972
2022-05-25,60,59775,4320
2022-05-25,61,58054,4196
2022-05-25,62,55587,4017
2022-05-25,63,54164,3914
2022-05-25,64,52659,3806
2022-05-25,65,51139,3637
2022-05-25,66,49356,3510
2022-05-25,67,47879,3405
2022-05-25,68,45524,3238
2022-05-25,69,44759,3183
2022-05-25,70,42927,2852
2022-05-25,71,42479,2822
2022-05-25,72,40959,2721
2022-05-25,73,40178,2669
2022-05-25,74,39777,2643
2022-05-25,75,35798,2440
2022-05-25,76,31307,2133
2022-05-25,77,28582,1948
2022-05-25,78,25262,1722
2022-05-25,79,25038,1706
2022-05-25,80,24578,1915
2022-05-25,81,22680,1768
2022-05-25,82,19543,1523
2022-05-25,83,17344,1352
2022-05-25,84,15462,1205
2022-05-25,85,13345,1307
2022-05-25,86,11374,1114
2022-05-25,87,10705,1048
2022-05-25,88,9036,885
2022-05-25,89,7771,761
2022-05-25,90,29266,3859
2022-06-01,12,62884,4872
2022-06-01,13,63072,4886
2022-06-01,14,62590,4849
2022-06-01,15,59641,4620
2022-06-01,16,58112,4502
2022-06-01,17,58199,4509
2022-06-01,18,58960,3743
2022-06-01,19,58418,3709
2022-06-01,20,60077,3814
2022-06-01,21,62133,3945
2022-06-01,22,60955,3870
2022-06-01,23,61133,3881
2022-06-01,24,62882,3992
2022-06-01,25,63838,4278
2022-06-01,26,65716,4404
2022-06-01,27,66845,4479
2022-06-01,28,69116,4631
2022-06-01,29,72484,4857
2022-06-01,30,72784,5791
2022-06-01,31,73828,5874
2022-06-01,32,71519,5690
2022-06-01,33,70491,5608
2022-06-01,34,68853,5478
2022-06-01,35,66124,4870
2022-06-01,36,64662,4762
2022-06-01,37,63929,4708
2022-06-01,38,62855,4629
2022-06-01,39,62634,4613
2022-06-01,40,60152,4486
2022-06-01,41,59955,4471
2022-06-01,42,58736,4380
2022-06-01,43,57185,4265
2022-06-01,44,56461,4211
2022-06-01,45,56460,4394
2022-06-01,46,56998,4436
2022-06-01,47,59101,4599
2022-06-01,48,60284,4691
2022-06-01,49,63217,4919
2022-06-01,5,35960,27731
2022-06-01,6,35946,27721
2022-06-01,7,36372,28049
2022-06-01,8,36674,28282
2022-06-01,9,38322,29552
2022-06-01,10,37747,29109
2022-06-01,11,38629,29789
2022-06-01,50,63471,5183
2022-06-01,51,62580,5111
2022-06-01,52,61525,5025
2022-06-01,53,61118,4991
2022-06-01,54,59045,4822
2022-06-01,55,58006,4751
2022-06-01,56,58350,4779
2022-06-01,57,59600,4881
2022-06-01,58,60722,4973
2022-06-01,59,60793,4979
2022-06-01,60,59775,4320
2022-06-01,61,58054,4196
2022-06-01,62,55587,4017
2022-06-01,63,54164,3914
2022-06-01,64,52659,3806
2022-06-01,65,51133,3643
2022-06-01,66,49350,3516
2022-06-01,67,47874,3410
2022-06-01,68,45519,3243
2022-06-01,69,44754,3188
2022-06-01,70,42909,2870
2022-06-01,71,42461,2840
2022-06-01,72,40941,2739
2022-06-01,73,40160,2687
2022-06-01,74,39760,2660
2022-06-01,75,35775,2463
2022-06-01,76,31286,2154
2022-06-01,77,28564,1966
2022-06-01,78,25246,1738
2022-06-01,79,25022,1722
2022-06-01,80,24548,1945
2022-06-01,81,22654,1794
2022-06-01,82,19520,1546
2022-06-01,83,17324,1372
2022-06-01,84,15444,1223
2022-06-01,85,13310,1342
2022-06-01,86,11344,1144
2022-06-01,87,10676,1077
2022-06-01,88,9012,909
2022-06-01,89,7750,782
2022-06-01,90,29114,4011
2022-06-08,12,62884,4872
2022-06-08,13,63072,4886
2022-06-08,14,62590,4849
2022-06-08,15,59641,4620
2022-06-08,16,58112,4502
2022-06-08,17,58199,4509
2022-06-08,18,58978,3725
2022-06-08,19,58437,3690
2022-06-08,20,60096,3795
2022-06-08,21,62153,3925
2022-06-08,22,60974,3851
2022-06-08,23,61152,3862
2022-06-08,24,62902,3972
2022-06-08,25,63845,4271
2022-06-08,26,65723,4397
2022-06-08,27,66852,4472
2022-06-08,28,69123,4624
2022-06-08,29,72492,4849
2022-06-08,30,72792,5783
2022-06-08,31,73836,5866
2022-06-08,32,71526,5683
2022-06-08,33,70498,5601
2022-06-08,34,68860,5471
2022-06-08,35,66138,4856
2022-06-08,36,64675,4749
2022-06-08,37,63942,4695
2022-06-08,38,62868,4616
2022-06-08,39,62647,4600
2022-06-08,40,60159,4479
2022-06-08,41,59961,4465
2022-06-08,42,58742,4374
2022-06-08,43,57192,4258
2022-06-08,44,56467,4205
2022-06-08,45,56466,4388
2022-06-08,46,57005,4429
2022-06-08,47,59107,4593
2022-06-08,48,60290,4685
2022-06-08,49,63223,4913
2022-06-08,5,35985,27706
2022-06-08,6,35972,27695
2022-06-08,7,36398,28023
2022-06-08,8,36700,28256
2022-06-08,9,38349,29525
2022-06-08,10,37774,29082
2022-06-08,11,38656,29762
2022-06-08,50,63464,5190
2022-06-08,51,62574,5117
2022-06-08,52,61519,5031
2022-06-08,53,61111,4998
2022-06-08,54,59039,4828
2022-06-08,55,58006,4751
2022-06-08,56,58350,4779
2022-06-08,57,59600,4881
2022-06-08,58,60722,4973
2022-06-08,59,60793,4979
2022-06-08,60,59769,4326
2022-06-08,61,58048,4202
2022-06-08,62,55581,4023
2022-06-08,63,54158,3920
2022-06-08,64,52654,3811
2022-06-08,65,51122,3654
2022-06-08,66,49340,3526
2022-06-08,67,47863,3421
2022-06-08,68,45510,3252
2022-06-08,69,44744,3198
2022-06-08,70,42886,2893
2022-06-08,71,42438,2863
2022-06-08,72,40919,2761
2022-06-08,73,40139,2708
2022-06-08,74,39739,2681
2022-06-08,75,35749,2489
2022-06-08,76,31263,2177
2022-06-08,77,28542,1988
2022-06-08,78,25227,1757
2022-06-08,79,25003,1741
2022-06-08,80,24514,1979
2022-06-08,81,22622,1826
2022-06-08,82,19492,1574
2022-06-08,83,17299,1397
2022-06-08,84,15422,1245
2022-06-08,85,13272,1380
2022-06-08,86,11312,1176
2022-06-08,87,10646,1107
2022-06-08,88,8986,935
2022-06-08,89,7728,804
2022-06-08,90,28931,4194
2022-06-15,12,62878,4878
2022-06-15,13,63065,4893
2022-06-15,14,62583,4856
2022-06-15,15,59634,4627
2022-06-15,16,58106,4508
2022-06-15,17,58193,4515
2022-06-15,18,59004,3699
2022-06-15,19,58462,3665
2022-06-15,20,60121,3770
2022-06-15,21,62179,3899
2022-06-15,22,61000,3825
2022-06-15,23,61178,3836
2022-06-15,24,62928,3946
2022-06-15,25,63866,4250
2022-06-15,26,65745,4375
2022-06-15,27,66873,4451
2022-06-15,28,69145,4602
2022-06-15,29,72515,4826
2022-06-15,30,72815,5760
2022-06-15,31,73860,5842
2022-06-15,32,71550,5659
2022-06-15,33,70521,5578
2022-06-15,34,68883,5448
2022-06-15,35,66152,4842
2022-06-15,36,64689,4735
2022-06-15,37,63956,4681
2022-06-15,38,62882,4602
2022-06-15,39,62661,4586
2022-06-15,40,60172,4466
2022-06-15,41,59974,4452
2022-06-15,42,58755,4361
2022-06-15,43,57204,4246
2022-06-15,44,56480,4192
2022-06-15,45,56473,4381
2022-06-15,46,57011,4423
2022-06-15,47,59114,4586
2022-06-15,48,60297,4678
2022-06-15,49,63230,4906
2022-06-15,5,36011,27680
2022-06-15,6,35997,27670
2022-06-15,7,36424,27997
2022-06-15,8,36726,28230
2022-06-15,9,38376,29498
2022-06-15,10,37800,29056
2022-06-15,11,38684,29734
2022-06-15,50,63477,5177
2022-06-15,51,62587,5104
2022-06-15,52,61532,5018
2022-06-15,53,61124,4985
2022-06-15,54,59051,4816
2022-06-15,55,58006,4751
2022-06-15,56,58350,4779
2022-06-15,57,59600,4881
2022-06-15,58,60722,4973
2022-06-15,59,60793,4979
2022-06-15,60,59762,4333
2022-06-15,61,58042,4208
2022-06-15,62,55575,4029
2022-06-15,63,54152,3926
2022-06-15,64,52648,3817
2022-06-15,65,51122,3654
2022-06-15,66,49340,3526
2022-06-15,67,47863,3421
2022-06-15,68,45510,3252
2022-06-15,69,44744,3198
2022-06-15,70,42881,2898
2022-06-15,71,42433,2868
2022-06-15,72,40915,2765
2022-06-15,73,40135,2712
2022-06-15,74,39735,2685
2022-06-15,75,35726,2512
2022-06-15,76,31243,2197
2022-06-15,77,28524,2006
2022-06-15,78,25211,1773
2022-06-15,79,24987,1757
2022-06-15,80,24490,2003
2022-06-15,81,22600,1848
2022-06-15,82,19473,1593
2022-06-15,83,17283,1413
2022-06-15,84,15407,1260
2022-06-15,85,13248,1404
2022-06-15,86,11292,1196
2022-06-15,87,10627,1126
2022-06-15,88,8971,950
2022-06-15,89,7715,817
2022-06-15,90,28799,4326
2022-06-22,12,62878,4878
2022-06-22,13,63065,4893
2022-06-22,14,62583,4856
2022-06-22,15,59634,4627
2022-06-22,16,58106,4508
2022-06-22,17,58193,4515
2022-06-22,18,59029,3674
2022-06-22,19,58486,3641
2022-06-22,20,60147,3744
2022-06-22,21,62206,3872
2022-06-22,22,61026,3799
2022-06-22,23,61204,3810
2022-06-22,24,62955,3919
2022-06-22,25,63879,4237
2022-06-22,26,65759,4361
2022-06-22,27,66888,4436
2022-06-22,28,69160,4587
2022-06-22,29,72530,4811
2022-06-22,30,72831,5744
2022-06-22,31,73876,5826
2022-06-22,32,71565,5644
2022-06-22,33,70536,5563
2022-06-22,34,68897,5434
2022-06-22,35,66159,4835
2022-06-22,36,64696,4728
2022-06-22,37,63963,4674
2022-06-22,38,62888,4596
2022-06-22,39,62667,4580
2022-06-22,40,60178,4460
2022-06-22,41,59981,4445
2022-06-22,42,58761,4355
2022-06-22,43,57210,4240
2022-06-22,44,56486,4186
2022-06-22,45,56479,4375
2022-06-22,46,57017,4417
2022-06-22,47,59120,4580
2022-06-22,48,60303,4672
2022-06-22,49,63237,4899
2022-06-22,5,36036,27655
2022-06-22,6,36023,27644
2022-06-22,7,36449,27972
2022-06-22,8,36752,28204
2022-06-22,9,38403,29471
2022-06-22,10,37827,29029
2022-06-22,11,38711,29707
2022-06-22,50,63484,5170
2022-06-22,51,62594,5097
2022-06-22,52,61539,5011
2022-06-22,53,61131,4978
2022-06-22,54,59058,4809
2022-06-22,55,58006,4751
2022-06-22,56,58350,4779
2022-06-22,57,59600,4881
2022-06-22,58,60722,4973
2022-06-22,59,60793,4979
2022-06-22,60,59769,4326
2022-06-22,61,58048,4202
2022-06-22,62,55581,4023
2022-06-22,63,54158,3920
2022-06-22,64,52654,3811
2022-06-22,65,51122,3654
2022-06-22,66,49340,3526
2022-06-22,67,47863,3421
2022-06-22,68,45510,3252
2022-06-22,69,44744,3198
2022-06-22,70,42872,2907
2022-06-22,71,42424,2877
2022-06-22,72,40906,2774
2022-06-22,73,40126,2721
2022-06-22,74,39726,2694
2022-06-22,75,35710,2528
2022-06-22,76,31230,2210
2022-06-22,77,28512,2018
2022-06-22,78,25200,1784
2022-06-22,79,24976,1768
2022-06-22,80,24469,2024
2022-06-22,81,22580,1868
2022-06-22,82,19457,1609
2022-06-22,83,17268,1428
2022-06-22,84,15394,1273
2022-06-22,85,13222,1430
2022-06-22,86,11269,1219
2022-06-22,87,10606,1147
2022-06-22,88,8953,968
2022-06-22,89,7699,833
2022-06-22,90,28709,4416
2022-06-29,12,62878,4878
2022-06-29,13,63065,4893
2022-06-29,14,62583,4856
2022-06-29,15,59634,4627
2022-06-29,16,58106,4508
2022-06-29,17,58193,4515
2022-06-29,18,59060,3643
2022-06-29,19,58517,3610
2022-06-29,20,60179,3712
2022-06-29,21,62239,3839
2022-06-29,22,61059,3766
2022-06-29,23,61237,3777
2022-06-29,24,62989,3885
2022-06-29,25,63893,4223
2022-06-29,26,65773,4347
2022-06-29,27,66902,4422
2022-06-29,28,69175,4572
2022-06-29,29,72546,4795
2022-06-29,30,72847,5728
2022-06-29,31,73892,5810
2022-06-29,32,71580,5629
2022-06-29,33,70551,5548
2022-06-29,34,68912,5419
2022-06-29,35,66174,4820
2022-06-29,36,64710,4714
2022-06-29,37,63977,4660
2022-06-29,38,62902,4582
2022-06-29,39,62681,4566
2022-06-29,40,60191,4447
2022-06-29,41,59993,4433
2022-06-29,42,58774,4342
2022-06-29,43,57222,4228
2022-06-29,44,56498,4174
2022-06-29,45,56479,4375
2022-06-29,46,57017,4417
2022-06-29,47,59120,4580
2022-06-29,48,60303,4672
2022-06-29,49,63237,4899
2022-06-29,5,36049,27642
2022-06-29,6,36036,27631
2022-06-29,7,36462,27959
2022-06-29,8,36765,28191
2022-06-29,9,38417,29457
2022-06-29,10,37840,29016
2022-06-29,11,38725,29693
2022-06-29,50,63484,5170
2022-06-29,51,62594,5097
2022-06-29,52,61539,5011
2022-06-29,53,61131,4978
2022-06-29,54,59058,4809
2022-06-29,55,58006,4751
2022-06-29,56,58350,4779
2022-06-29,57,59600,4881
2022-06-29,58,60722,4973
2022-06-29,59,60793,4979
2022-06-29,60,59762,4333
2022-06-29,61,58042,4208
2022-06-29,62,55575,4029
2022-06-29,63,54152,3926
2022-06-29,64,52648,3817
2022-06-29,65,51111,3665
2022-06-29,66,49329,3537
2022-06-29,67,47853,3431
2022-06-29,68,45500,3262
2022-06-29,69,44735,3207
2022-06-29,70,42849,2930
2022-06-29,71,42402,2899
2022-06-29,72,40884,2796
2022-06-29,73,40105,2742
2022-06-29,74,39705,2715
2022-06-29,75,35710,2528
2022-06-29,76,31230,2210
2022-06-29,77,28512,2018
2022-06-29,78,25200,1784
2022-06-29,79,24976,1768
2022-06-29,80,24464,2029
2022-06-29,81,22575,1873
2022-06-29,82,19452,1614
2022-06-29,83,17264,1432
2022-06-29,84,15390,1277
2022-06-29,85,13212,1440
2022-06-29,86,11260,1228
2022-06-29,87,10598,1155
2022-06-29,88,8946,975
2022-06-29,89,7693,839
2022-06-29,90,28594,4531
2022-07-06,12,62878,4878
2022-07-06,13,63065,4893
2022-07-06,14,62583,4856
2022-07-06,15,59634,4627
2022-07-06,16,58106,4508
2022-07-06,17,58193,4515
2022-07-06,18,59091,3612
2022-07-06,19,58548,3579
2022-07-06,20,60211,3680
2022-07-06,21,62272,3806
2022-07-06,22,61091,3734
2022-07-06,23,61269,3745
2022-07-06,24,63022,3852
2022-07-06,25,63893,4223
2022-07-06,26,65773,4347
2022-07-06,27,66902,4422
2022-07-06,28,69175,4572
2022-07-06,29,72546,4795
2022-07-06,30,72863,5712
2022-07-06,31,73908,5794
2022-07-06,32,71596,5613
2022-07-06,33,70567,5532
2022-07-06,34,68927,5404
2022-07-06,35,66188,4806
2022-07-06,36,64724,4700
2022-07-06,37,63990,4647
2022-07-06,38,62915,4569
2022-07-06,39,62694,4553
2022-07-06,40,60204,4434
2022-07-06,41,60006,4420
2022-07-06,42,58786,4330
2022-07-06,43,57235,4215
2022-07-06,44,56510,4162
2022-07-06,45,56460,4394
2022-07-06,46,56998,4436
2022-07-06,47,59101,4599
2022-07-06,48,60284,4691
2022-07-06,49,63217,4919
2022-07-06,5,36075,27616
2022-07-06,6,36061,27606
2022-07-06,7,36488,27933
2022-07-06,8,36791,28165
2022-07-06,9,38444,29430
2022-07-06,10,37867,28989
2022-07-06,11,38752,29666
2022-07-06,50,63471,5183
2022-07-06,51,62580,5111
2022-07-06,52,61525,5025
2022-07-06,53,61118,4991
2022-07-06,54,59045,4822
2022-07-06,55,57981,4776
2022-07-06,56,58325,4804
2022-07-06,57,59574,4907
2022-07-06,58,60696,4999
2022-07-06,59,60767,5005
2022-07-06,60,59743,4352
2022-07-06,61,58023,4227
2022-07-06,62,55557,4047
2022-07-06,63,54135,3943
2022-07-06,64,52631,3834
2022-07-06,65,51029,3747
2022-07-06,66,49250,3616
2022-07-06,67,47776,3508
2022-07-06,68,45427,3335
2022-07-06,69,44663,3279
2022-07-06,70,42813,2966
2022-07-06,71,42365,2936
2022-07-06,72,40850,2830
2022-07-06,73,40071,2776
2022-07-06,74,39671,2749
2022-07-06,75,35756,2482
2022-07-06,76,31270,2170
2022-07-06,77,28549,1981
2022-07-06,78,25233,1751
2022-07-06,79,25008,1736
2022-07-06,80,24546,1947
2022-07-06,81,22651,1797
2022-07-06,82,19518,1548
2022-07-06,83,17322,1374
2022-07-06,84,15442,1225
2022-07-06,85,13232,1420
2022-07-06,86,11278,1210
2022-07-06,87,10614,1139
2022-07-06,88,8960,961
2022-07-06,89,7705,827
2022-07-06,90,28584,4541
2022-07-13,12,62871,4885
2022-07-13,13,63058,4900
2022-07-13,14,62577,4862
2022-07-13,15,59628,4633
2022-07-13,16,58100,4514
2022-07-13,17,58187,4521
2022-07-13,18,59129,3574
2022-07-13,19,58586,3541
2022-07-13,20,60249,3642
2022-07-13,21,62312,3766
2022-07-13,22,61130,3695
2022-07-13,23,61308,3706
2022-07-13,24,63062,3812
2022-07-13,25,63900,4216
2022-07-13,26,65780,4340
2022-07-13,27,66909,4415
2022-07-13,28,69182,4565
2022-07-13,29,72554,4787
2022-07-13,30,72870,5705
2022-07-13,31,73916,5786
2022-07-13,32,71604,5605
2022-07-13,33,70574,5525
2022-07-13,34,68935,5396
2022-07-13,35,66202,4792
2022-07-13,36,64738,4686
2022-07-13,37,64004,4633
2022-07-13,38,62929,4555
2022-07-13,39,62708,4539
2022-07-13,40,60204,4434
2022-07-13,41,60006,4420
2022-07-13,42,58786,4330
2022-07-13,43,57235,4215
2022-07-13,44,56510,4162
2022-07-13,45,56436,4418
2022-07-13,46,56974,4460
2022-07-13,47,59075,4625
2022-07-13,48,60258,4717
2022-07-13,49,63189,4947
2022-07-13,5,36100,27591
2022-07-13,6,36086,27581
2022-07-13,7,36514,27907
2022-07-13,8,36817,28139
2022-07-13,9,38471,29403
2022-07-13,10,37894,28962
2022-07-13,11,38779,29639
2022-07-13,50,63450,5204
2022-07-13,51,62560,5131
2022-07-13,52,61506,5044
2022-07-13,53,61098,5011
2022-07-13,54,59026,4841
2022-07-13,55,57931,4826
2022-07-13,56,58274,4855
2022-07-13,57,59522,4959
2022-07-13,58,60643,5052
2022-07-13,59,60714,5058
2022-07-13,60,59679,4416
2022-07-13,61,57961,4289
2022-07-13,62,55497,4107
2022-07-13,63,54076,4002
2022-07-13,64,52575,3890
2022-07-13,65,50931,3845
2022-07-13,66,49155,3711
2022-07-13,67,47684,3600
2022-07-13,68,45339,3423
2022-07-13,69,44576,3366
2022-07-13,70,42762,3017
2022-07-13,71,42316,2985
2022-07-13,72,40801,2879
2022-07-13,73,40023,2824
2022-07-13,74,39625,2795
2022-07-13,75,35875,2363
2022-07-13,76,31373,2067
2022-07-13,77,28643,1887
2022-07-13,78,25316,1668
2022-07-13,79,25091,1653
2022-07-13,80,24646,1847
2022-07-13,81,22744,1704
2022-07-13,82,19598,1468
2022-07-13,83,17393,1303
2022-07-13,84,15505,1162
2022-07-13,85,13281,1371
2022-07-13,86,11319,1169
2022-07-13,87,10653,1100
2022-07-13,88,8992,929
2022-07-13,89,7733,799
2022-07-13,90,28650,4475
2022-07-20,12,62878,4878
2022-07-20,13,63065,4893
2022-07-20,14,62583,4856
2022-07-20,15,59634,4627
2022-07-20,16,58106,4508
2022-07-20,17,58193,4515
2022-07-20,18,59173,3530
2022-07-20,19,58629,3498
2022-07-20,20,60294,3597
2022-07-20,21,62358,3720
2022-07-20,22,61175,3650
2022-07-20,23,61354,3660
2022-07-20,24,63109,3765
2022-07-20,25,63900,4216
2022-07-20,26,65780,4340
2022-07-20,27,66909,4415
2022-07-20,28,69182,4565
2022-07-20,29,72554,4787
2022-07-20,30,72886,5689
2022-07-20,31,73932,5770
2022-07-20,32,71619,5590
2022-07-20,33,70589,5510
2022-07-20,34,68949,5382
2022-07-20,35,66216,4778
2022-07-20,36,64752,4672
2022-07-20,37,64018,4619
2022-07-20,38,62942,4542
2022-07-20,39,62721,4526
2022-07-20,40,60204,4434
2022-07-20,41,60006,4420
2022-07-20,42,58786,4330
2022-07-20,43,57235,4215
2022-07-20,44,56510,4162
2022-07-20,45,56393,4461
2022-07-20,46,56931,4503
2022-07-20,47,59031,4669
2022-07-20,48,60212,4763
2022-07-20,49,63142,4994
2022-07-20,5,36138,27553
2022-07-20,6,36125,27542
2022-07-20,7,36552,27869
2022-07-20,8,36856,28100
2022-07-20,9,38512,29362
2022-07-20,10,37934,28922
2022-07-20,11,38820,29598
2022-07-20,50,63423,5231
2022-07-20,51,62533,5158
2022-07-20,52,61479,5071
2022-07-20,53,61071,5038
2022-07-20,54,59000,4867
2022-07-20,55,57868,4889
2022-07-20,56,58211,4918
2022-07-20,57,59458,5023
2022-07-20,58,60577,5118
2022-07-20,59,60648,5124
2022-07-20,60,59602,4493
2022-07-20,61,57886,4364
2022-07-20,62,55426,4178
2022-07-20,63,54007,4071
2022-07-20,64,52507,3958
2022-07-20,65,50854,3922
2022-07-20,66,49081,3785
2022-07-20,67,47612,3672
2022-07-20,68,45271,3491
2022-07-20,69,44509,3433
2022-07-20,70,42693,3086
2022-07-20,71,42248,3053
2022-07-20,72,40736,2944
2022-07-20,73,39959,2888
2022-07-20,74,39561,2859
2022-07-20,75,35993,2245
2022-07-20,76,31477,1963
2022-07-20,77,28738,1792
2022-07-20,78,25400,1584
2022-07-20,79,25174,1570
2022-07-20,80,24750,1743
2022-07-20,81,22839,1609
2022-07-20,82,19680,1386
2022-07-20,83,17466,1230
2022-07-20,84,15570,1097
2022-07-20,85,13352,1300
2022-07-20,86,11380,1108
2022-07-20,87,10711,1042
2022-07-20,88,9041,880
2022-07-20,89,7775,757
2022-07-20,90,28789,4336
2022-07-27,12,62884,4872
2022-07-27,13,63072,4886
2022-07-27,14,62590,4849
2022-07-27,15,59641,4620
2022-07-27,16,58112,4502
2022-07-27,17,58199,4509
2022-07-27,18,59192,3511
2022-07-27,19,58648,3479
2022-07-27,20,60313,3578
2022-07-27,21,62378,3700
2022-07-27,22,61195,3630
2022-07-27,23,61373,3641
2022-07-27,24,63129,3745
2022-07-27,25,63906,4210
2022-07-27,26,65787,4333
2022-07-27,27,66916,4408
2022-07-27,28,69189,4558
2022-07-27,29,72561,4780
2022-07-27,30,72894,5681
2022-07-27,31,73940,5762
2022-07-27,32,71627,5582
2022-07-27,33,70597,5502
2022-07-27,34,68957,5374
2022-07-27,35,66230,4764
2022-07-27,36,64766,4658
2022-07-27,37,64031,4606
2022-07-27,38,62956,4528
2022-07-27,39,62735,4512
2022-07-27,40,60204,4434
2022-07-27,41,60006,4420
2022-07-27,42,58786,4330
2022-07-27,43,57235,4215
2022-07-27,44,56510,4162
2022-07-27,45,56357,4497
2022-07-27,46,56894,4540
2022-07-27,47,58993,4707
2022-07-27,48,60173,4802
2022-07-27,49,63101,5035
2022-07-27,5,36176,27515
2022-07-27,6,36163,27504
2022-07-27,7,36591,27830
2022-07-27,8,36895,28061
2022-07-27,9,38552,29322
2022-07-27,10,37974,28882
2022-07-27,11,38861,29557
2022-07-27,50,63388,5266
2022-07-27,51,62499,5192
2022-07-27,52,61446,5104
2022-07-27,53,61038,5071
2022-07-27,54,58968,4899
2022-07-27,55,57831,4926
2022-07-27,56,58173,4956
2022-07-27,57,59419,5062
2022-07-27,58,60538,5157
2022-07-27,59,60609,5163
2022-07-27,60,59512,4583
2022-07-27,61,57799,4451
2022-07-27,62,55342,4262
2022-07-27,63,53925,4153
2022-07-27,64,52428,4037
2022-07-27,65,50827,3949
2022-07-27,66,49054,3812
2022-07-27,67,47586,3698
2022-07-27,68,45246,3516
2022-07-27,69,44485,3457
2022-07-27,70,42643,3136
2022-07-27,71,42198,3103
2022-07-27,72,40688,2992
2022-07-27,73,39912,2935
2022-07-27,74,39514,2906
2022-07-27,75,36097,2141
2022-07-27,76,31567,1873
2022-07-27,77,28820,1710
2022-07-27,78,25473,1511
2022-07-27,79,25246,1498
2022-07-27,80,24821,1672
2022-07-27,81,22905,1543
2022-07-27,82,19737,1329
2022-07-27,83,17516,1180
2022-07-27,84,15615,1052
2022-07-27,85,13368,1284
2022-07-27,86,11394,1094
2022-07-27,87,10723,1030
2022-07-27,88,9052,869
2022-07-27,89,7785,747
2022-07-27,90,28921,4204
2022-08-03,12,62884,4872
2022-08-03,13,63072,4886
2022-08-03,14,62590,4849
2022-08-03,15,59641,4620
2022-08-03,16,58112,4502
2022-08-03,17,58199,4509
2022-08-03,18,59204,3499
2022-08-03,19,58660,3467
2022-08-03,20,60326,3565
2022-08-03,21,62391,3687
2022-08-03,22,61208,3617
2022-08-03,23,61386,3628
2022-08-03,24,63142,3732
2022-08-03,25,63913,4203
2022-08-03,26,65794,4326
2022-08-03,27,66923,4401
2022-08-03,28,69197,4550
2022-08-03,29,72569,4772
2022-08-03,30,72910,5665
2022-08-03,31,73955,5747
2022-08-03,32,71642,5567
2022-08-03,33,70612,5487
2022-08-03,34,68972,5359
2022-08-03,35,66245,4749
2022-08-03,36,64780,4644
2022-08-03,37,64045,4592
2022-08-03,38,62969,4515
2022-08-03,39,62748,4499
2022-08-03,40,60204,4434
2022-08-03,41,60006,4420
2022-08-03,42,58786,4330
2022-08-03,43,57235,4215
2022-08-03,44,56510,4162
2022-08-03,45,56314,4540
2022-08-03,46,56851,4583
2022-08-03,47,58948,4752
2022-08-03,48,60128,4847
2022-08-03,49,63053,5083
2022-08-03,5,36196,27495
2022-08-03,6,36182,27485
2022-08-03,7,36610,27811
2022-08-03,8,36914,28042
2022-08-03,9,38573,29301
2022-08-03,10,37994,28862
2022-08-03,11,38882,29536
2022-08-03,50,63347,5307
2022-08-03,51,62458,5233
2022-08-03,52,61406,5144
2022-08-03,53,60999,5110
2022-08-03,54,58930,4937
2022-08-03,55,57768,4989
2022-08-03,56,58110,5019
2022-08-03,57,59355,5126
2022-08-03,58,60472,5223
2022-08-03,59,60543,5229
2022-08-03,60,59429,4666
2022-08-03,61,57718,4532
2022-08-03,62,55265,4339
2022-08-03,63,53850,4228
2022-08-03,64,52354,4111
2022-08-03,65,50799,3977
2022-08-03,66,49028,3838
2022-08-03,67,47561,3723
2022-08-03,68,45222,3540
2022-08-03,69,44461,3481
2022-08-03,70,42588,3191
2022-08-03,71,42144,3157
2022-08-03,72,40636,3044
2022-08-03,73,39861,2986
2022-08-03,74,39463,2957
2022-08-03,75,36150,2088
2022-08-03,76,31614,1826
2022-08-03,77,28863,1667
2022-08-03,78,25511,1473
2022-08-03,79,25284,1460
2022-08-03,80,24850,1643
2022-08-03,81,22932,1516
2022-08-03,82,19760,1306
2022-08-03,83,17537,1159
2022-08-03,84,15634,1033
2022-08-03,85,13379,1273
2022-08-03,86,11403,1085
2022-08-03,87,10732,1021
2022-08-03,88,9059,862
2022-08-03,89,7791,741
2022-08-03,90,28902,4223
2022-08-10,12,60520,7236
2022-08-10,13,60700,7258
2022-08-10,14,60237,7202
2022-08-10,15,57398,6863
2022-08-10,16,55927,6687
2022-08-10,17,56011,6697
2022-08-10,18,58471,4232
2022-08-10,19,57933,4194
2022-08-10,20,59578,4313
2022-08-10,21,61618,4460
2022-08-10,22,60449,4376
2022-08-10,23,60626,4388
2022-08-10,24,62360,4514
2022-08-10,25,63150,4966
2022-08-10,26,65008,5112
2022-08-10,27,66124,5200
2022-08-10,28,68371,5376
2022-08-10,29,71703,5638
2022-08-10,30,73530,5045
2022-08-10,31,74585,5117
2022-08-10,32,72252,4957
2022-08-10,33,71213,4886
2022-08-10,34,69559,4772
2022-08-10,35,67160,3834
2022-08-10,36,65675,3749
2022-08-10,37,64931,3706
2022-08-10,38,63840,3644
2022-08-10,39,63616,3631
2022-08-10,40,61012,3626
2022-08-10,41,60812,3614
2022-08-10,42,59575,3541
2022-08-10,43,58003,3447
2022-08-10,44,57268,3404
2022-08-10,45,55907,4947
2022-08-10,46,56439,4995
2022-08-10,47,58521,5179
2022-08-10,48,59693,5282
2022-08-10,49,62597,5539
2022-08-10,5,33769,29922
2022-08-10,6,33756,29911
2022-08-10,7,34156,30265
2022-08-10,8,34440,30516
2022-08-10,9,35987,31887
2022-08-10,10,35447,31409
2022-08-10,11,36275,32143
2022-08-10,50,64034,4620
2022-08-10,51,63135,4556
2022-08-10,52,62071,4479
2022-08-10,53,61660,4449
2022-08-10,54,59569,4298
2022-08-10,55,57768,4989
2022-08-10,56,58110,5019
2022-08-10,57,59355,5126
2022-08-10,58,60472,5223
2022-08-10,59,60543,5229
2022-08-10,60,60820,3275
2022-08-10,61,59069,3181
2022-08-10,62,56558,3046
2022-08-10,63,55110,2968
2022-08-10,64,53580,2885
2022-08-10,65,52054,2722
2022-08-10,66,50239,2627
2022-08-10,67,48735,2549
2022-08-10,68,46339,2423
2022-08-10,69,45559,2383
2022-08-10,70,43298,2481
2022-08-10,71,42846,2455
2022-08-10,72,41313,2367
2022-08-10,73,40525,2322
2022-08-10,74,40121,2299
2022-08-10,75,37542,696
2022-08-10,76,32831,609
2022-08-10,77,29974,556
2022-08-10,78,26493,491
2022-08-10,79,26257,487
2022-08-10,80,25751,742
2022-08-10,81,23763,685
2022-08-10,82,20476,590
2022-08-10,83,18173,523
2022-08-10,84,16200,467
2022-08-10,85,14041,611
2022-08-10,86,11967,521
2022-08-10,87,11263,490
2022-08-10,88,9507,414
2022-08-10,89,8176,356
2022-08-10,90,31598,1527
2022-08-17,12,60479,7277
2022-08-17,13,60659,7299
2022-08-17,14,60196,7243
2022-08-17,15,57359,6902
2022-08-17,16,55889,6725
2022-08-17,17,55973,6735
2022-08-17,18,58477,4226
2022-08-17,19,57940,4187
2022-08-17,20,59585,4306
2022-08-17,21,61624,4454
2022-08-17,22,60456,4369
2022-08-17,23,60632,4382
2022-08-17,24,62367,4507
2022-08-17,25,63116,5000
2022-08-17,26,64973,5147
2022-08-17,27,66089,5235
2022-08-17,28,68334,5413
2022-08-17,29,71664,5677
2022-08-17,30,73570,5005
2022-08-17,31,74625,5077
2022-08-17,32,72291,4918
2022-08-17,33,71251,4848
2022-08-17,34,69596,4735
2022-08-17,35,67189,3805
2022-08-17,36,65703,3721
2022-08-17,37,64958,3679
2022-08-17,38,63867,3617
2022-08-17,39,63643,3604
2022-08-17,40,61064,3574
2022-08-17,41,60863,3563
2022-08-17,42,59626,3490
2022-08-17,43,58052,3398
2022-08-17,44,57317,3355
2022-08-17,45,55894,4960
2022-08-17,46,56427,5007
2022-08-17,47,58508,5192
2022-08-17,48,59680,5295
2022-08-17,49,62583,5553
2022-08-17,5,33680,30011
2022-08-17,6,33667,30000
2022-08-17,7,34066,30355
2022-08-17,8,34349,30607
2022-08-17,9,35892,31982
2022-08-17,10,35353,31503
2022-08-17,11,36179,32239
2022-08-17,50,64047,4607
2022-08-17,51,63149,4542
2022-08-17,52,62084,4466
2022-08-17,53,61673,4436
2022-08-17,54,59582,4285
2022-08-17,55,57768,4989
2022-08-17,56,58110,5019
2022-08-17,57,59355,5126
2022-08-17,58,60472,5223
2022-08-17,59,60543,5229
2022-08-17,60,60852,3243
2022-08-17,61,59100,3150
2022-08-17,62,56588,3016
2022-08-17,63,55139,2939
2022-08-17,64,53608,2857
2022-08-17,65,52076,2700
2022-08-17,66,50260,2606
2022-08-17,67,48756,2528
2022-08-17,68,46358,2404
2022-08-17,69,45578,2364
2022-08-17,70,43307,2472
2022-08-17,71,42855,2446
2022-08-17,72,41321,2359
2022-08-17,73,40533,2314
2022-08-17,74,40129,2291
2022-08-17,75,37592,646
2022-08-17,76,32875,565
2022-08-17,77,30014,516
2022-08-17,78,26528,456
2022-08-17,79,26292,452
2022-08-17,80,25783,710
2022-08-17,81,23793,655
2022-08-17,82,20501,565
2022-08-17,83,18195,501
2022-08-17,84,16220,447
2022-08-17,85,14051,601
2022-08-17,86,11976,512
2022-08-17,87,11271,482
2022-08-17,88,9514,407
2022-08-17,89,8182,350
2022-08-17,90,31581,1544
2022-08-24,12,60432,7324
2022-08-24,13,60612,7346
2022-08-24,14,60149,7290
2022-08-24,15,57314,6947
2022-08-24,16,55845,6769
2022-08-24,17,55929,6779
2022-08-24,18,58477,4226
2022-08-24,19,57940,4187
2022-08-24,20,59585,4306
2022-08-24,21,61624,4454
2022-08-24,22,60456,4369
2022-08-24,23,60632,4382
2022-08-24,24,62367,4507
2022-08-24,25,63082,5034
2022-08-24,26,64938,5182
2022-08-24,27,66053,5271
2022-08-24,28,68297,5450
2022-08-24,29,71626,5715
2022-08-24,30,73609,4966
2022-08-24,31,74665,5037
2022-08-24,32,72329,4880
2022-08-24,33,71290,4809
2022-08-24,34,69633,4698
2022-08-24,35,67231,3763
2022-08-24,36,65745,3679
2022-08-24,37,64999,3638
2022-08-24,38,63907,3577
2022-08-24,39,63683,3564
2022-08-24,40,61096,3542
2022-08-24,41,60895,3531
2022-08-24,42,59657,3459
2022-08-24,43,58083,3367
2022-08-24,44,57347,3325
2022-08-24,45,55876,4978
2022-08-24,46,56409,5025
2022-08-24,47,58489,5211
2022-08-24,48,59660,5315
2022-08-24,49,62562,5574
2022-08-24,5,33597,30094
2022-08-24,6,33584,30083
2022-08-24,7,33982,30439
2022-08-24,8,34264,30692
2022-08-24,9,35804,32070
2022-08-24,10,35267,31589
2022-08-24,11,36090,32328
2022-08-24,50,64068,4586
2022-08-24,51,63169,4522
2022-08-24,52,62104,4446
2022-08-24,53,61693,4416
2022-08-24,54,59601,4266
2022-08-24,55,57749,5008
2022-08-24,56,58091,5038
2022-08-24,57,59335,5146
2022-08-24,58,60453,5242
2022-08-24,59,60523,5249
2022-08-24,60,60871,3224
2022-08-24,61,59119,3131
2022-08-24,62,56606,2998
2022-08-24,63,55157,2921
2022-08-24,64,53625,2840
2022-08-24,65,52114,2662
2022-08-24,66,50297,2569
2022-08-24,67,48792,2492
2022-08-24,68,46392,2370
2022-08-24,69,45612,2330
2022-08-24,70,43307,2472
2022-08-24,71,42855,2446
2022-08-24,72,41321,2359
2022-08-24,73,40533,2314
2022-08-24,74,40129,2291
2022-08-24,75,37634,604
2022-08-24,76,32912,528
2022-08-24,77,30048,482
2022-08-24,78,26558,426
2022-08-24,79,26321,423
2022-08-24,80,25796,697
2022-08-24,81,23805,643
2022-08-24,82,20512,554
2022-08-24,83,18204,492
2022-08-24,84,16229,438
2022-08-24,85,14041,611
2022-08-24,86,11967,521
2022-08-24,87,11263,490
2022-08-24,88,9507,414
2022-08-24,89,8176,356
2022-08-24,90,31535,1590
2022-08-31,12,60384,7372
2022-08-31,13,60564,7394
2022-08-31,14,60102,7337
2022-08-31,15,57269,6992
2022-08-31,16,55802,6812
2022-08-31,17,55885,6823
2022-08-31,18,58477,4226
2022-08-31,19,57940,4187
2022-08-31,20,59585,4306
2022-08-31,21,61624,4454
2022-08-31,22,60456,4369
2022-08-31,23,60632,4382
2022-08-31,24,62367,4507
2022-08-31,25,63048,5068
2022-08-31,26,64903,5217
2022-08-31,27,66017,5307
2022-08-31,28,68260,5487
2022-08-31,29,71587,5754
2022-08-31,30,73633,4942
2022-08-31,31,74689,5013
2022-08-31,32,72353,4856
2022-08-31,33,71312,4787
2022-08-31,34,69656,4675
2022-08-31,35,67288,3706
2022-08-31,36,65800,3624
2022-08-31,37,65054,3583
2022-08-31,38,63961,3523
2022-08-31,39,63737,3510
2022-08-31,40,61122,3516
2022-08-31,41,60921,3505
2022-08-31,42,59682,3434
2022-08-31,43,58107,3343
2022-08-31,44,57371,3301
2022-08-31,45,55840,5014
2022-08-31,46,56372,5062
2022-08-31,47,58451,5249
2022-08-31,48,59621,5354
2022-08-31,49,62522,5614
2022-08-31,5,33508,30183
2022-08-31,6,33495,30172
2022-08-31,7,33892,30529
2022-08-31,8,34173,30783
2022-08-31,9,35709,32165
2022-08-31,10,35173,31683
2022-08-31,11,35995,32423
2022-08-31,50,64082,4572
2022-08-31,51,63183,4508
2022-08-31,52,62118,4432
2022-08-31,53,61706,4403
2022-08-31,54,59613,4254
2022-08-31,55,57755,5002
2022-08-31,56,58098,5031
2022-08-31,57,59342,5139
2022-08-31,58,60459,5236
2022-08-31,59,60530,5242
2022-08-31,60,60916,3179
2022-08-31,61,59162,3088
2022-08-31,62,56648,2956
2022-08-31,63,55197,2881
2022-08-31,64,53664,2801
2022-08-31,65,52147,2629
2022-08-31,66,50328,2538
2022-08-31,67,48822,2462
2022-08-31,68,46421,2341
2022-08-31,69,45641,2301
2022-08-31,70,43325,2454
2022-08-31,71,42873,2428
2022-08-31,72,41339,2341
2022-08-31,73,40550,2297
2022-08-31,74,40146,2274
2022-08-31,75,37691,547
2022-08-31,76,32962,478
2022-08-31,77,30093,437
2022-08-31,78,26598,386
2022-08-31,79,26362,382
2022-08-31,80,25817,676
2022-08-31,81,23825,623
2022-08-31,82,20529,537
2022-08-31,83,18219,477
2022-08-31,84,16242,425
2022-08-31,85,14057,595
2022-08-31,86,11981,507
2022-08-31,87,11276,477
2022-08-31,88,9518,403
2022-08-31,89,8186,346
2022-08-31,90,31562,1563
2022-09-07,12,60330,7426
2022-09-07,13,60510,7448
2022-09-07,14,60048,7391
2022-09-07,15,57218,7043
2022-09-07,16,55752,6862
2022-09-07,17,55835,6873
2022-09-07,18,58489,4214
2022-09-07,19,57952,4175
2022-09-07,20,59598,4293
2022-09-07,21,61638,4440
2022-09-07,22,60469,4356
2022-09-07,23,60645,4369
2022-09-07,24,62380,4494
2022-09-07,25,63021,5095
2022-09-07,26,64875,5245
2022-09-07,27,65989,5335
2022-09-07,28,68231,5516
2022-09-07,29,71556,5785
2022-09-07,30,73648,4927
2022-09-07,31,74705,4997
2022-09-07,32,72368,4841
2022-09-07,33,71328,4771
2022-09-07,34,69670,4661
2022-09-07,35,67324,3670
2022-09-07,36,65835,3589
2022-09-07,37,65088,3549
2022-09-07,38,63995,3489
2022-09-07,39,63770,3477
2022-09-07,40,61160,3478
2022-09-07,41,60960,3466
2022-09-07,42,59720,3396
2022-09-07,43,58144,3306
2022-09-07,44,57408,3264
2022-09-07,45,55821,5033
2022-09-07,46,56353,5081
2022-09-07,47,58432,5268
2022-09-07,48,59602,5373
2022-09-07,49,62501,5635
2022-09-07,5,33419,30272
2022-09-07,6,33406,30261
2022-09-07,7,33802,30619
2022-09-07,8,34082,30874
2022-09-07,9,35613,32261
2022-09-07,10,35079,31777
2022-09-07,11,35899,32519
2022-09-07,50,64095,4559
2022-09-07,51,63196,4495
2022-09-07,52,62131,4419
2022-09-07,53,61719,4390
2022-09-07,54,59626,4241
2022-09-07,55,57749,5008
2022-09-07,56,58091,5038
2022-09-07,57,59335,5146
2022-09-07,58,60453,5242
2022-09-07,59,60523,5249
2022-09-07,60,60942,3153
2022-09-07,61,59187,3063
2022-09-07,62,56671,2933
2022-09-07,63,55221,2857
2022-09-07,64,53687,2778
2022-09-07,65,52163,2613
2022-09-07,66,50344,2522
2022-09-07,67,48838,2446
2022-09-07,68,46436,2326
2022-09-07,69,45655,2287
2022-09-07,70,43353,2426
2022-09-07,71,42900,2401
2022-09-07,72,41365,2315
2022-09-07,73,40576,2271
2022-09-07,74,40172,2248
2022-09-07,75,37733,505
2022-09-07,76,32999,441
2022-09-07,77,30127,403
2022-09-07,78,26628,356
2022-09-07,79,26391,353
2022-09-07,80,25839,654
2022-09-07,81,23844,604
2022-09-07,82,20546,520
2022-09-07,83,18234,462
2022-09-07,84,16255,412
2022-09-07,85,14062,590
2022-09-07,86,11985,503
2022-09-07,87,11279,474
2022-09-07,88,9521,400
2022-09-07,89,8188,344
2022-09-07,90,31565,1560
2022-09-14,12,60289,7467
2022-09-14,13,60469,7489
2022-09-14,14,60007,7432
2022-09-14,15,57179,7082
2022-09-14,16,55714,6900
2022-09-14,17,55798,6910
2022-09-14,18,58477,4226
2022-09-14,19,57940,4187
2022-09-14,20,59585,4306
2022-09-14,21,61624,4454
2022-09-14,22,60456,4369
2022-09-14,23,60632,4382
2022-09-14,24,62367,4507
2022-09-14,25,62987,5129
2022-09-14,26,64840,5280
2022-09-14,27,65953,5371
2022-09-14,28,68194,5553
2022-09-14,29,71517,5824
2022-09-14,30,73672,4903
2022-09-14,31,74729,4973
2022-09-14,32,72391,4818
2022-09-14,33,71350,4749
2022-09-14,34,69693,4638
2022-09-14,35,67345,3649
2022-09-14,36,65856,3568
2022-09-14,37,65109,3528
2022-09-14,38,64015,3469
2022-09-14,39,63791,3456
2022-09-14,40,61193,3445
2022-09-14,41,60992,3434
2022-09-14,42,59752,3364
2022-09-14,43,58175,3275
2022-09-14,44,57438,3234
2022-09-14,45,55797,5057
2022-09-14,46,56329,5105
2022-09-14,47,58407,5293
2022-09-14,48,59576,5399
2022-09-14,49,62474,5662
2022-09-14,5,33323,30368
2022-09-14,6,33311,30356
2022-09-14,7,33705,30716
2022-09-14,8,33985,30971
2022-09-14,9,35512,32362
2022-09-14,10,34979,31877
2022-09-14,11,35796,32622
2022-09-14,50,64116,4538
2022-09-14,51,63217,4474
2022-09-14,52,62151,4399
2022-09-14,53,61739,4370
2022-09-14,54,59645,4222
2022-09-14,55,57718,5039
2022-09-14,56,58060,5069
2022-09-14,57,59303,5178
2022-09-14,58,60420,5275
2022-09-14,59,60491,5281
2022-09-14,60,60986,3109
2022-09-14,61,59231,3019
2022-09-14,62,56713,2891
2022-09-14,63,55261,2817
2022-09-14,64,53726,2739
2022-09-14,65,52174,2602
2022-09-14,66,50355,2511
2022-09-14,67,48848,2436
2022-09-14,68,46446,2316
2022-09-14,69,45665,2277
2022-09-14,70,43357,2422
2022-09-14,71,42905,2396
2022-09-14,72,41369,2311
2022-09-14,73,40580,2267
2022-09-14,74,40176,2244
2022-09-14,75,37779,459
2022-09-14,76,33039,401
2022-09-14,77,30164,366
2022-09-14,78,26660,324
2022-09-14,79,26423,321
2022-09-14,80,25841,652
2022-09-14,81,23847,601
2022-09-14,82,20548,518
2022-09-14,83,18236,460
2022-09-14,84,16257,410
2022-09-14,85,14063,589
2022-09-14,86,11986,502
2022-09-14,87,11281,472
2022-09-14,88,9522,399
2022-09-14,89,8189,343
2022-09-14,90,31515,1610
2022-09-21,12,60228,7528
2022-09-21,13,60408,7550
2022-09-21,14,59947,7492
2022-09-21,15,57122,7139
2022-09-21,16,55658,6956
2022-09-21,17,55741,6967
2022-09-21,18,58471,4232
2022-09-21,19,57933,4194
2022-09-21,20,59578,4313
2022-09-21,21,61618,4460
2022-09-21,22,60449,4376
2022-09-21,23,60626,4388
2022-09-21,24,62360,4514
2022-09-21,25,62953,5163
2022-09-21,26,64805,5315
2022-09-21,27,65918,5406
2022-09-21,28,68157,5590
2022-09-21,29,71479,5862
2022-09-21,30,73672,4903
2022-09-21,31,74729,4973
2022-09-21,32,72391,4818
2022-09-21,33,71350,4749
2022-09-21,34,69693,4638
2022-09-21,35,67402,3592
2022-09-21,36,65911,3513
2022-09-21,37,65164,3473
2022-09-21,38,64069,3415
2022-09-21,39,63844,3403
2022-09-21,40,61206,3432
2022-09-21,41,61005,3421
2022-09-21,42,59765,3351
2022-09-21,43,58187,3263
2022-09-21,44,57450,3222
2022-09-21,45,55785,5069
2022-09-21,46,56317,5117
2022-09-21,47,58394,5306
2022-09-21,48,59563,5412
2022-09-21,49,62460,5676
2022-09-21,5,33228,30463
2022-09-21,6,33215,30452
2022-09-21,7,33608,30813
2022-09-21,8,33888,31068
2022-09-21,9,35410,32464
2022-09-21,10,34879,31977
2022-09-21,11,35694,32724
2022-09-21,50,64102,4552
2022-09-21,51,63203,4488
2022-09-21,52,62138,4412
2022-09-21,53,61726,4383
2022-09-21,54,59633,4234
2022-09-21,55,57730,5027
2022-09-21,56,58072,5057
2022-09-21,57,59316,5165
2022-09-21,58,60433,5262
2022-09-21,59,60504,5268
2022-09-21,60,60986,3109
2022-09-21,61,59231,3019
2022-09-21,62,56713,2891
2022-09-21,63,55261,2817
2022-09-21,64,53726,2739
2022-09-21,65,52223,2553
2022-09-21,66,50402,2464
2022-09-21,67,48894,2390
2022-09-21,68,46490,2272
2022-09-21,69,45708,2234
2022-09-21,70,43371,2408
2022-09-21,71,42918,2383
2022-09-21,72,41382,2298
2022-09-21,73,40593,2254
2022-09-21,74,40189,2231
2022-09-21,75,37829,409
2022-09-21,76,33082,358
2022-09-21,77,30203,327
2022-09-21,78,26695,289
2022-09-21,79,26458,286
2022-09-21,80,25844,649
2022-09-21,81,23849,599
2022-09-21,82,20550,516
2022-09-21,83,18238,458
2022-09-21,84,16259,408
2022-09-21,85,14081,571
2022-09-21,86,12001,487
2022-09-21,87,11295,458
2022-09-21,88,9534,387
2022-09-21,89,8199,333
2022-09-21,90,31499,1626
2022-09-28,12,60181,7575
2022-09-28,13,60360,7598
2022-09-28,14,59899,7540
2022-09-28,15,57077,7184
2022-09-28,16,55614,7000
2022-09-28,17,55697,7011
2022-09-28,18,58458,4245
2022-09-28,19,57921,4206
2022-09-28,20,59566,4325
2022-09-28,21,61605,4473
2022-09-28,22,60436,4389
2022-09-28,23,60613,4401
2022-09-28,24,62347,4527
2022-09-28,25,62919,5197
2022-09-28,26,64770,5350
2022-09-28,27,65882,5442
2022-09-28,28,68120,5627
2022-09-28,29,71440,5901
2022-09-28,30,73680,4895
2022-09-28,31,74737,4965
2022-09-28,32,72399,4810
2022-09-28,33,71358,4741
2022-09-28,34,69700,4631
2022-09-28,35,67437,3557
2022-09-28,36,65946,3478
2022-09-28,37,65198,3439
2022-09-28,38,64103,3381
2022-09-28,39,63878,3369
2022-09-28,40,61251,3387
2022-09-28,41,61050,3376
2022-09-28,42,59809,3307
2022-09-28,43,58230,3220
2022-09-28,44,57493,3179
2022-09-28,45,55742,5112
2022-09-28,46,56274,5160
2022-09-28,47,58349,5351
2022-09-28,48,59517,5458
2022-09-28,49,62413,5723
2022-09-28,5,33113,30578
2022-09-28,6,33100,30567
2022-09-28,7,33492,30929
2022-09-28,8,33771,31185
2022-09-28,9,35288,32586
2022-09-28,10,34758,32098
2022-09-28,11,35571,32847
2022-09-28,50,64130,4524
2022-09-28,51,63230,4461
2022-09-28,52,62164,4386
2022-09-28,53,61752,4357
2022-09-28,54,59658,4209
2022-09-28,55,57699,5058
2022-09-28,56,58041,5088
2022-09-28,57,59284,5197
2022-09-28,58,60400,5295
2022-09-28,59,60471,5301
2022-09-28,60,61031,3064
2022-09-28,61,59274,2976
2022-09-28,62,56755,2849
2022-09-28,63,55302,2776
2022-09-28,64,53766,2699
2022-09-28,65,52245,2531
2022-09-28,66,50424,2442
2022-09-28,67,48915,2369
2022-09-28,68,46509,2253
2022-09-28,69,45727,2215
2022-09-28,70,43376,2403
2022-09-28,71,42923,2378
2022-09-28,72,41387,2293
2022-09-28,73,40598,2249
2022-09-28,74,40193,2227
2022-09-28,75,37905,333
2022-09-28,76,33149,291
2022-09-28,77,30264,266
2022-09-28,78,26749,235
2022-09-28,79,26511,233
2022-09-28,80,25862,631
2022-09-28,81,23866,582
2022-09-28,82,20565,501
2022-09-28,83,18251,445
2022-09-28,84,16270,397
2022-09-28,85,14095,557
2022-09-28,86,12013,475
2022-09-28,87,11306,447
2022-09-28,88,9544,377
2022-09-28,89,8208,324
2022-09-28,90,31552,1573
2022-10-05,12,60120,7636
2022-10-05,13,60299,7659
2022-10-05,14,59839,7600
2022-10-05,15,57019,7242
2022-10-05,16,55557,7057
2022-10-05,17,55641,7067
2022-10-05,18,58445,4258
2022-10-05,19,57909,4218
2022-10-05,20,59553,4338
2022-10-05,21,61591,4487
2022-10-05,22,60423,4402
2022-10-05,23,60600,4414
2022-10-05,24,62333,4541
2022-10-05,25,62885,5231
2022-10-05,26,64735,5385
2022-10-05,27,65846,5478
2022-10-05,28,68083,5664
2022-10-05,29,71401,5940
2022-10-05,30,73688,4887
2022-10-05,31,74745,4957
2022-10-05,32,72407,4802
2022-10-05,33,71366,4733
2022-10-05,34,69708,4623
2022-10-05,35,67473,3521
2022-10-05,36,65981,3443
2022-10-05,37,65233,3404
2022-10-05,38,64137,3347
2022-10-05,39,63912,3335
2022-10-05,40,61290,3348
2022-10-05,41,61089,3337
2022-10-05,42,59847,3269
2022-10-05,43,58267,3183
2022-10-05,44,57529,3143
2022-10-05,45,55724,5130
2022-10-05,46,56255,5179
2022-10-05,47,58330,5370
2022-10-05,48,59498,5477
2022-10-05,49,62392,5744
2022-10-05,5,33011,30680
2022-10-05,6,32999,30668
2022-10-05,7,33389,31032
2022-10-05,8,33667,31289
2022-10-05,9,35179,32695
2022-10-05,10,34651,32205
2022-10-05,11,35461,32957
2022-10-05,50,64123,4531
2022-10-05,51,63223,4468
2022-10-05,52,62158,4392
2022-10-05,53,61746,4363
2022-10-05,54,59652,4215
2022-10-05,55,57693,5064
2022-10-05,56,58034,5095
2022-10-05,57,59277,5204
2022-10-05,58,60393,5302
2022-10-05,59,60464,5308
2022-10-05,60,61050,3045
2022-10-05,61,59293,2957
2022-10-05,62,56773,2831
2022-10-05,63,55319,2759
2022-10-05,64,53783,2682
2022-10-05,65,52273,2503
2022-10-05,66,50450,2416
2022-10-05,67,48940,2344
2022-10-05,68,46534,2228
2022-10-05,69,45751,2191
2022-10-05,70,43385,2394
2022-10-05,71,42932,2369
2022-10-05,72,41396,2284
2022-10-05,73,40606,2241
2022-10-05,74,40201,2219
2022-10-05,75,37986,252
2022-10-05,76,33219,221
2022-10-05,77,30329,201
2022-10-05,78,26806,178
2022-10-05,79,26567,177
2022-10-05,80,25870,623
2022-10-05,81,23873,575
2022-10-05,82,20571,495
2022-10-05,83,18257,439
2022-10-05,84,16275,392
2022-10-05,85,14119,533
2022-10-05,86,12033,455
2022-10-05,87,11325,428
2022-10-05,88,9560,361
2022-10-05,89,8221,311
2022-10-05,90,31558,1567
2022-11-02,12,59944,7812
2022-11-02,13,60122,7836
2022-11-02,14,59663,7776
2022-11-02,15,56852,7409
2022-11-02,16,55395,7219
2022-11-02,17,55478,7230
2022-11-02,18,58395,4308
2022-11-02,19,57859,4268
2022-11-02,20,59502,4389
2022-11-02,21,61538,4540
2022-11-02,22,60372,4453
2022-11-02,23,60548,4466
2022-11-02,24,62280,4594
2022-11-02,25,62796,5320
2022-11-02,26,64644,5476
2022-11-02,27,65754,5570
2022-11-02,28,67987,5760
2022-11-02,29,71301,6040
2022-11-02,30,73719,4856
2022-11-02,31,74776,4926
2022-11-02,32,72437,4772
2022-11-02,33,71396,4703
2022-11-02,34,69737,4594
2022-11-02,35,67565,3429
2022-11-02,36,66071,3353
2022-11-02,37,65322,3315
2022-11-02,38,64225,3259
2022-11-02,39,63999,3248
2022-11-02,40,61471,3167
2022-11-02,41,61269,3157
2022-11-02,42,60023,3093
2022-11-02,43,58439,3011
2022-11-02,44,57699,2973
2022-11-02,45,55590,5264
2022-11-02,46,56120,5314
2022-11-02,47,58190,5510
2022-11-02,48,59355,5620
2022-11-02,49,62242,5894
2022-11-02,5,32597,31094
2022-11-02,6,32585,31082
2022-11-02,7,32971,31450
2022-11-02,8,33244,31712
2022-11-02,9,34738,33136
2022-11-02,10,34217,32639
2022-11-02,11,35016,33402
2022-11-02,50,64198,4456
2022-11-02,51,63298,4393
2022-11-02,52,62231,4319
2022-11-02,53,61819,4290
2022-11-02,54,59722,4145
2022-11-02,55,57649,5108
2022-11-02,56,57990,5139
2022-11-02,57,59232,5249
2022-11-02,58,60347,5348
2022-11-02,59,60418,5354
2022-11-02,60,61108,2987
2022-11-02,61,59349,2901
2022-11-02,62,56826,2778
2022-11-02,63,55372,2706
2022-11-02,64,53834,2631
2022-11-02,65,52360,2416
2022-11-02,66,50535,2331
2022-11-02,67,49022,2262
2022-11-02,68,46612,2150
2022-11-02,69,45828,2114
2022-11-02,70,43435,2344
2022-11-02,71,42982,2319
2022-11-02,72,41444,2236
2022-11-02,73,40653,2194
2022-11-02,74,40248,2172
2022-11-02,75,38253,-15
2022-11-02,76,33453,-13
2022-11-02,77,30542,-12
2022-11-02,78,26995,-11
2022-11-02,79,26755,-11
2022-11-02,80,25915,578
2022-11-02,81,23915,533
2022-11-02,82,20607,459
2022-11-02,83,18288,408
2022-11-02,84,16304,363
2022-11-02,85,14154,498
2022-11-02,86,12063,425
2022-11-02,87,11353,400
2022-11-02,88,9584,337
2022-11-02,89,8242,290
2022-11-02,90,31611,1514
2022-12-07,12,59713,8043
2022-12-07,13,59891,8067
2022-12-07,14,59434,8005
2022-12-07,15,56633,7628
2022-12-07,16,55182,7432
2022-12-07,17,55265,7443
2022-12-07,18,58345,4358
2022-12-07,19,57809,4318
2022-12-07,20,59451,4440
2022-12-07,21,61486,4592
2022-12-07,22,60320,4505
2022-12-07,23,60496,4518
2022-12-07,24,62226,4648
2022-12-07,25,62701,5415
2022-12-07,26,64545,5575
2022-12-07,27,65654,5670
2022-12-07,28,67884,5863
2022-12-07,29,71192,6149
2022-12-07,30,73758,4817
2022-12-07,31,74816,4886
2022-12-07,32,72476,4733
2022-12-07,33,71434,4665
2022-12-07,34,69775,4556
2022-12-07,35,67707,3287
2022-12-07,36,66210,3214
2022-12-07,37,65459,3178
2022-12-07,38,64359,3125
2022-12-07,39,64133,3114
2022-12-07,40,61587,3051
2022-12-07,41,61385,3041
2022-12-07,42,60137,2979
2022-12-07,43,58550,2900
2022-12-07,44,57808,2864
2022-12-07,45,55487,5367
2022-12-07,46,56016,5418
2022-12-07,47,58082,5618
2022-12-07,48,59244,5731
2022-12-07,49,62126,6010
2022-12-07,5,32113,31578
2022-12-07,6,32101,31566
2022-12-07,7,32481,31940
2022-12-07,8,32751,32205
2022-12-07,9,34222,33652
2022-12-07,10,33709,33147
2022-12-07,11,34496,33922
2022-12-07,50,64288,4366
2022-12-07,51,63386,4305
2022-12-07,52,62317,4233
2022-12-07,53,61904,4205
2022-12-07,54,59805,4062
2022-12-07,55,57573,5184
2022-12-07,56,57915,5214
2022-12-07,57,59155,5326
2022-12-07,58,60269,5426
2022-12-07,59,60339,5433
2022-12-07,60,61249,2846
2022-12-07,61,59486,2764
2022-12-07,62,56958,2646
2022-12-07,63,55499,2579
2022-12-07,64,53958,2507
2022-12-07,65,52481,2295
2022-12-07,66,50651,2215
2022-12-07,67,49135,2149
2022-12-07,68,46719,2043
2022-12-07,69,45933,2009
2022-12-07,70,43495,2284
2022-12-07,71,43040,2261
2022-12-07,72,41500,2180
2022-12-07,73,40709,2138
2022-12-07,74,40303,2117
2022-12-07,75,38532,-294
2022-12-07,76,33697,-257
2022-12-07,77,30765,-235
2022-12-07,78,27192,-208
2022-12-07,79,26950,-206
2022-12-07,80,25945,548
2022-12-07,81,23942,506
2022-12-07,82,20630,436
2022-12-07,83,18309,387
2022-12-07,84,16322,345
2022-12-07,85,14240,412
2022-12-07,86,12137,351
2022-12-07,87,11423,330
2022-12-07,88,9642,279
2022-12-07,89,8292,240
2022-12-07,90,31641,1484
