year,month,age_group,age_groups_src,population,deaths
2010,1,1,00_00,64060,21
2010,1,2,01_04,252770,6
2010,1,3,05_09,290340,3
2010,1,4,10_14,302920,3
2010,1,5,15_19,315840,21
2010,1,6,20_24,304780,18
2010,1,7,25_29,276660,15
2010,1,8,30_34,268610,15
2010,1,9,35_39,299880,24
2010,1,10,40_44,315500,30
2010,1,11,45_49,322910,54
2010,1,12,50_54,296780,75
2010,1,13,55_59,255410,102
2010,1,14,60_64,235430,126
2010,1,15,65_69,177810,168
2010,1,16,70_74,140240,198
2010,1,17,75_79,103980,267
2010,1,18,80_84,80430,363
2010,1,19,85_89,47020,375
2010,1,20,95_,22520,339
2010,2,1,00_00,64060,30
2010,2,2,01_04,252770,3
2010,2,4,10_14,302920,6
2010,2,5,15_19,315840,9
2010,2,6,20_24,304780,15
2010,2,7,25_29,276660,9
2010,2,8,30_34,268610,15
2010,2,9,35_39,299880,21
2010,2,10,40_44,315500,36
2010,2,11,45_49,322910,42
2010,2,12,50_54,296780,57
2010,2,13,55_59,255410,84
2010,2,14,60_64,235430,105
2010,2,15,65_69,177810,147
2010,2,16,70_74,140240,186
2010,2,17,75_79,103980,249
2010,2,18,80_84,80430,321
2010,2,19,85_89,47020,354
2010,2,20,95_,22520,267
2010,3,1,00_00,64060,30
2010,3,2,01_04,252770,9
2010,3,3,05_09,290340,3
2010,3,4,10_14,302920,3
2010,3,5,15_19,315840,21
2010,3,6,20_24,304780,9
2010,3,7,25_29,276660,21
2010,3,8,30_34,268610,18
2010,3,9,35_39,299880,24
2010,3,10,40_44,315500,42
2010,3,11,45_49,322910,66
2010,3,12,50_54,296780,69
2010,3,13,55_59,255410,105
2010,3,14,60_64,235430,141
2010,3,15,65_69,177810,189
2010,3,16,70_74,140240,216
2010,3,17,75_79,103980,279
2010,3,18,80_84,80430,402
2010,3,19,85_89,47020,384
2010,3,20,95_,22520,342
2010,4,1,00_00,64060,30
2010,4,2,01_04,252770,6
2010,4,3,05_09,290340,3
2010,4,4,10_14,302920,3
2010,4,5,15_19,315840,12
2010,4,6,20_24,304780,21
2010,4,7,25_29,276660,9
2010,4,8,30_34,268610,12
2010,4,9,35_39,299880,33
2010,4,10,40_44,315500,36
2010,4,11,45_49,322910,54
2010,4,12,50_54,296780,69
2010,4,13,55_59,255410,96
2010,4,14,60_64,235430,147
2010,4,15,65_69,177810,153
2010,4,16,70_74,140240,204
2010,4,17,75_79,103980,282
2010,4,18,80_84,80430,378
2010,4,19,85_89,47020,396
2010,4,20,95_,22520,351
2010,5,1,00_00,64060,24
2010,5,2,01_04,252770,3
2010,5,5,15_19,315840,18
2010,5,6,20_24,304780,21
2010,5,7,25_29,276660,12
2010,5,8,30_34,268610,18
2010,5,9,35_39,299880,27
2010,5,10,40_44,315500,33
2010,5,11,45_49,322910,57
2010,5,12,50_54,296780,72
2010,5,13,55_59,255410,93
2010,5,14,60_64,235430,135
2010,5,15,65_69,177810,165
2010,5,16,70_74,140240,204
2010,5,17,75_79,103980,279
2010,5,18,80_84,80430,384
2010,5,19,85_89,47020,378
2010,5,20,95_,22520,351
2010,6,1,00_00,64060,21
2010,6,2,01_04,252770,9
2010,6,3,05_09,290340,3
2010,6,4,10_14,302920,3
2010,6,5,15_19,315840,9
2010,6,6,20_24,304780,15
2010,6,7,25_29,276660,18
2010,6,8,30_34,268610,15
2010,6,9,35_39,299880,24
2010,6,10,40_44,315500,39
2010,6,11,45_49,322910,60
2010,6,12,50_54,296780,66
2010,6,13,55_59,255410,93
2010,6,14,60_64,235430,138
2010,6,15,65_69,177810,189
2010,6,16,70_74,140240,234
2010,6,17,75_79,103980,288
2010,6,18,80_84,80430,420
2010,6,19,85_89,47020,438
2010,6,20,95_,22520,444
2010,7,1,00_00,64060,36
2010,7,2,01_04,252770,3
2010,7,4,10_14,302920,3
2010,7,5,15_19,315840,9
2010,7,6,20_24,304780,9
2010,7,7,25_29,276660,15
2010,7,8,30_34,268610,12
2010,7,9,35_39,299880,21
2010,7,10,40_44,315500,48
2010,7,11,45_49,322910,60
2010,7,12,50_54,296780,90
2010,7,13,55_59,255410,123
2010,7,14,60_64,235430,126
2010,7,15,65_69,177810,192
2010,7,16,70_74,140240,213
2010,7,17,75_79,103980,318
2010,7,18,80_84,80430,450
2010,7,19,85_89,47020,477
2010,7,20,95_,22520,477
2010,8,1,00_00,64060,24
2010,8,2,01_04,252770,9
2010,8,4,10_14,302920,6
2010,8,5,15_19,315840,21
2010,8,6,20_24,304780,18
2010,8,7,25_29,276660,15
2010,8,8,30_34,268610,21
2010,8,9,35_39,299880,24
2010,8,10,40_44,315500,42
2010,8,11,45_49,322910,57
2010,8,12,50_54,296780,99
2010,8,13,55_59,255410,102
2010,8,14,60_64,235430,147
2010,8,15,65_69,177810,180
2010,8,16,70_74,140240,231
2010,8,17,75_79,103980,285
2010,8,18,80_84,80430,453
2010,8,19,85_89,47020,477
2010,8,20,95_,22520,453
2010,9,1,00_00,64060,27
2010,9,2,01_04,252770,9
2010,9,5,15_19,315840,12
2010,9,6,20_24,304780,21
2010,9,7,25_29,276660,15
2010,9,8,30_34,268610,18
2010,9,9,35_39,299880,27
2010,9,10,40_44,315500,33
2010,9,11,45_49,322910,72
2010,9,12,50_54,296780,78
2010,9,13,55_59,255410,111
2010,9,14,60_64,235430,177
2010,9,15,65_69,177810,177
2010,9,16,70_74,140240,225
2010,9,17,75_79,103980,312
2010,9,18,80_84,80430,447
2010,9,19,85_89,47020,456
2010,9,20,95_,22520,417
2010,10,1,00_00,64060,24
2010,10,2,01_04,252770,6
2010,10,4,10_14,302920,3
2010,10,5,15_19,315840,15
2010,10,6,20_24,304780,15
2010,10,7,25_29,276660,18
2010,10,8,30_34,268610,9
2010,10,9,35_39,299880,21
2010,10,10,40_44,315500,30
2010,10,11,45_49,322910,45
2010,10,12,50_54,296780,66
2010,10,13,55_59,255410,90
2010,10,14,60_64,235430,138
2010,10,15,65_69,177810,165
2010,10,16,70_74,140240,234
2010,10,17,75_79,103980,252
2010,10,18,80_84,80430,381
2010,10,19,85_89,47020,405
2010,10,20,95_,22520,375
2010,11,1,00_00,64060,33
2010,11,2,01_04,252770,3
2010,11,3,05_09,290340,3
2010,11,4,10_14,302920,12
2010,11,5,15_19,315840,15
2010,11,6,20_24,304780,18
2010,11,7,25_29,276660,12
2010,11,8,30_34,268610,15
2010,11,9,35_39,299880,21
2010,11,10,40_44,315500,39
2010,11,11,45_49,322910,57
2010,11,12,50_54,296780,81
2010,11,13,55_59,255410,99
2010,11,14,60_64,235430,141
2010,11,15,65_69,177810,183
2010,11,16,70_74,140240,225
2010,11,17,75_79,103980,309
2010,11,18,80_84,80430,396
2010,11,19,85_89,47020,402
2010,11,20,95_,22520,402
2010,12,1,00_00,64060,27
2010,12,2,01_04,252770,6
2010,12,4,10_14,302920,6
2010,12,5,15_19,315840,18
2010,12,6,20_24,304780,18
2010,12,7,25_29,276660,6
2010,12,8,30_34,268610,18
2010,12,9,35_39,299880,24
2010,12,10,40_44,315500,33
2010,12,11,45_49,322910,63
2010,12,12,50_54,296780,75
2010,12,13,55_59,255410,96
2010,12,14,60_64,235430,114
2010,12,15,65_69,177810,165
2010,12,16,70_74,140240,219
2010,12,17,75_79,103980,255
2010,12,18,80_84,80430,357
2010,12,19,85_89,47020,372
2010,12,20,95_,22520,369
2011,1,1,00_00,61560,24
2011,1,2,01_04,255780,3
2011,1,3,05_09,291160,3
2011,1,4,10_14,301330,3
2011,1,5,15_19,313470,15
2011,1,6,20_24,310400,18
2011,1,7,25_29,276150,15
2011,1,8,30_34,268230,18
2011,1,9,35_39,289170,21
2011,1,10,40_44,317430,36
2011,1,11,45_49,318790,45
2011,1,12,50_54,302850,81
2011,1,13,55_59,262650,96
2011,1,14,60_64,238960,147
2011,1,15,65_69,185910,201
2011,1,16,70_74,147510,225
2011,1,17,75_79,105220,285
2011,1,18,80_84,81390,390
2011,1,19,85_89,48080,393
2011,1,20,95_,23430,384
2011,2,1,00_00,61560,21
2011,2,2,01_04,255780,12
2011,2,3,05_09,291160,3
2011,2,4,10_14,301330,3
2011,2,5,15_19,313470,9
2011,2,6,20_24,310400,21
2011,2,7,25_29,276150,15
2011,2,8,30_34,268230,12
2011,2,9,35_39,289170,27
2011,2,10,40_44,317430,30
2011,2,11,45_49,318790,54
2011,2,12,50_54,302850,81
2011,2,13,55_59,262650,93
2011,2,14,60_64,238960,135
2011,2,15,65_69,185910,156
2011,2,16,70_74,147510,198
2011,2,17,75_79,105220,255
2011,2,18,80_84,81390,333
2011,2,19,85_89,48080,372
2011,2,20,95_,23430,384
2011,3,1,00_00,61560,30
2011,3,2,01_04,255780,3
2011,3,3,05_09,291160,3
2011,3,4,10_14,301330,6
2011,3,5,15_19,313470,24
2011,3,6,20_24,310400,27
2011,3,7,25_29,276150,39
2011,3,8,30_34,268230,33
2011,3,9,35_39,289170,27
2011,3,10,40_44,317430,60
2011,3,11,45_49,318790,51
2011,3,12,50_54,302850,72
2011,3,13,55_59,262650,114
2011,3,14,60_64,238960,177
2011,3,15,65_69,185910,198
2011,3,16,70_74,147510,240
2011,3,17,75_79,105220,276
2011,3,18,80_84,81390,405
2011,3,19,85_89,48080,417
2011,3,20,95_,23430,429
2011,4,1,00_00,61560,24
2011,4,2,01_04,255780,6
2011,4,5,15_19,313470,15
2011,4,6,20_24,310400,15
2011,4,7,25_29,276150,15
2011,4,8,30_34,268230,18
2011,4,9,35_39,289170,18
2011,4,10,40_44,317430,36
2011,4,11,45_49,318790,39
2011,4,12,50_54,302850,66
2011,4,13,55_59,262650,81
2011,4,14,60_64,238960,102
2011,4,15,65_69,185910,171
2011,4,16,70_74,147510,189
2011,4,17,75_79,105220,243
2011,4,18,80_84,81390,399
2011,4,19,85_89,48080,378
2011,4,20,95_,23430,375
2011,5,1,00_00,61560,15
2011,5,3,05_09,291160,6
2011,5,4,10_14,301330,3
2011,5,5,15_19,313470,18
2011,5,6,20_24,310400,33
2011,5,7,25_29,276150,12
2011,5,8,30_34,268230,18
2011,5,9,35_39,289170,24
2011,5,10,40_44,317430,33
2011,5,11,45_49,318790,66
2011,5,12,50_54,302850,87
2011,5,13,55_59,262650,117
2011,5,14,60_64,238960,147
2011,5,15,65_69,185910,186
2011,5,16,70_74,147510,252
2011,5,17,75_79,105220,294
2011,5,18,80_84,81390,441
2011,5,19,85_89,48080,465
2011,5,20,95_,23430,432
2011,6,1,00_00,61560,18
2011,6,4,10_14,301330,3
2011,6,5,15_19,313470,15
2011,6,6,20_24,310400,9
2011,6,7,25_29,276150,18
2011,6,8,30_34,268230,18
2011,6,9,35_39,289170,21
2011,6,10,40_44,317430,33
2011,6,11,45_49,318790,42
2011,6,12,50_54,302850,63
2011,6,13,55_59,262650,96
2011,6,14,60_64,238960,132
2011,6,15,65_69,185910,159
2011,6,16,70_74,147510,240
2011,6,17,75_79,105220,294
2011,6,18,80_84,81390,411
2011,6,19,85_89,48080,435
2011,6,20,95_,23430,441
2011,7,1,00_00,61560,27
2011,7,2,01_04,255780,3
2011,7,4,10_14,301330,6
2011,7,5,15_19,313470,18
2011,7,6,20_24,310400,15
2011,7,7,25_29,276150,15
2011,7,8,30_34,268230,18
2011,7,9,35_39,289170,15
2011,7,10,40_44,317430,48
2011,7,11,45_49,318790,48
2011,7,12,50_54,302850,63
2011,7,13,55_59,262650,90
2011,7,14,60_64,238960,153
2011,7,15,65_69,185910,162
2011,7,16,70_74,147510,240
2011,7,17,75_79,105220,309
2011,7,18,80_84,81390,390
2011,7,19,85_89,48080,465
2011,7,20,95_,23430,447
2011,8,1,00_00,61560,27
2011,8,2,01_04,255780,12
2011,8,4,10_14,301330,3
2011,8,5,15_19,313470,18
2011,8,6,20_24,310400,21
2011,8,7,25_29,276150,9
2011,8,8,30_34,268230,15
2011,8,9,35_39,289170,18
2011,8,10,40_44,317430,36
2011,8,11,45_49,318790,57
2011,8,12,50_54,302850,66
2011,8,13,55_59,262650,114
2011,8,14,60_64,238960,159
2011,8,15,65_69,185910,195
2011,8,16,70_74,147510,222
2011,8,17,75_79,105220,321
2011,8,18,80_84,81390,462
2011,8,19,85_89,48080,501
2011,8,20,95_,23430,522
2011,9,1,00_00,61560,21
2011,9,2,01_04,255780,6
2011,9,4,10_14,301330,3
2011,9,5,15_19,313470,15
2011,9,6,20_24,310400,21
2011,9,7,25_29,276150,18
2011,9,8,30_34,268230,9
2011,9,9,35_39,289170,24
2011,9,10,40_44,317430,36
2011,9,11,45_49,318790,66
2011,9,12,50_54,302850,90
2011,9,13,55_59,262650,120
2011,9,14,60_64,238960,171
2011,9,15,65_69,185910,204
2011,9,16,70_74,147510,255
2011,9,17,75_79,105220,381
2011,9,18,80_84,81390,492
2011,9,19,85_89,48080,591
2011,9,20,95_,23430,522
2011,10,1,00_00,61560,33
2011,10,2,01_04,255780,3
2011,10,4,10_14,301330,3
2011,10,5,15_19,313470,12
2011,10,6,20_24,310400,15
2011,10,7,25_29,276150,15
2011,10,8,30_34,268230,18
2011,10,9,35_39,289170,27
2011,10,10,40_44,317430,30
2011,10,11,45_49,318790,36
2011,10,12,50_54,302850,66
2011,10,13,55_59,262650,99
2011,10,14,60_64,238960,135
2011,10,15,65_69,185910,183
2011,10,16,70_74,147510,225
2011,10,17,75_79,105220,282
2011,10,18,80_84,81390,375
2011,10,19,85_89,48080,471
2011,10,20,95_,23430,447
2011,11,1,00_00,61560,27
2011,11,2,01_04,255780,3
2011,11,4,10_14,301330,3
2011,11,5,15_19,313470,15
2011,11,6,20_24,310400,15
2011,11,7,25_29,276150,12
2011,11,8,30_34,268230,15
2011,11,9,35_39,289170,27
2011,11,10,40_44,317430,39
2011,11,11,45_49,318790,72
2011,11,12,50_54,302850,75
2011,11,13,55_59,262650,123
2011,11,14,60_64,238960,150
2011,11,15,65_69,185910,204
2011,11,16,70_74,147510,255
2011,11,17,75_79,105220,294
2011,11,18,80_84,81390,414
2011,11,19,85_89,48080,453
2011,11,20,95_,23430,462
2011,12,1,00_00,61560,21
2011,12,2,01_04,255780,9
2011,12,4,10_14,301330,3
2011,12,5,15_19,313470,15
2011,12,6,20_24,310400,18
2011,12,7,25_29,276150,15
2011,12,8,30_34,268230,21
2011,12,9,35_39,289170,18
2011,12,10,40_44,317430,36
2011,12,11,45_49,318790,36
2011,12,12,50_54,302850,63
2011,12,13,55_59,262650,102
2011,12,14,60_64,238960,123
2011,12,15,65_69,185910,186
2011,12,16,70_74,147510,207
2011,12,17,75_79,105220,261
2011,12,18,80_84,81390,348
2011,12,19,85_89,48080,405
2011,12,20,95_,23430,333
2012,1,1,00_00,61720,12
2012,1,2,01_04,252840,3
2012,1,3,05_09,296990,3
2012,1,4,10_14,297880,6
2012,1,5,15_19,312430,15
2012,1,6,20_24,312810,21
2012,1,7,25_29,276400,9
2012,1,8,30_34,270130,12
2012,1,9,35_39,279580,24
2012,1,10,40_44,317790,48
2012,1,11,45_49,313740,63
2012,1,12,50_54,309880,87
2012,1,13,55_59,268560,111
2012,1,14,60_64,240510,129
2012,1,15,65_69,198470,198
2012,1,16,70_74,152940,222
2012,1,17,75_79,107890,285
2012,1,18,80_84,81970,381
2012,1,19,85_89,49060,456
2012,1,20,95_,24230,411
2012,2,1,00_00,61720,39
2012,2,2,01_04,252840,3
2012,2,4,10_14,297880,9
2012,2,5,15_19,312430,15
2012,2,6,20_24,312810,15
2012,2,7,25_29,276400,15
2012,2,8,30_34,270130,12
2012,2,9,35_39,279580,15
2012,2,10,40_44,317790,39
2012,2,11,45_49,313740,54
2012,2,12,50_54,309880,90
2012,2,13,55_59,268560,96
2012,2,14,60_64,240510,141
2012,2,15,65_69,198470,165
2012,2,16,70_74,152940,225
2012,2,17,75_79,107890,258
2012,2,18,80_84,81970,360
2012,2,19,85_89,49060,333
2012,2,20,95_,24230,360
2012,3,1,00_00,61720,18
2012,3,2,01_04,252840,6
2012,3,3,05_09,296990,3
2012,3,5,15_19,312430,3
2012,3,6,20_24,312810,21
2012,3,7,25_29,276400,9
2012,3,8,30_34,270130,18
2012,3,9,35_39,279580,15
2012,3,10,40_44,317790,30
2012,3,11,45_49,313740,63
2012,3,12,50_54,309880,60
2012,3,13,55_59,268560,81
2012,3,14,60_64,240510,126
2012,3,15,65_69,198470,165
2012,3,16,70_74,152940,213
2012,3,17,75_79,107890,255
2012,3,18,80_84,81970,357
2012,3,19,85_89,49060,402
2012,3,20,95_,24230,363
2012,4,1,00_00,61720,18
2012,4,2,01_04,252840,6
2012,4,3,05_09,296990,3
2012,4,5,15_19,312430,9
2012,4,6,20_24,312810,15
2012,4,7,25_29,276400,12
2012,4,8,30_34,270130,15
2012,4,9,35_39,279580,24
2012,4,10,40_44,317790,24
2012,4,11,45_49,313740,45
2012,4,12,50_54,309880,78
2012,4,13,55_59,268560,84
2012,4,14,60_64,240510,126
2012,4,15,65_69,198470,177
2012,4,16,70_74,152940,222
2012,4,17,75_79,107890,261
2012,4,18,80_84,81970,348
2012,4,19,85_89,49060,393
2012,4,20,95_,24230,351
2012,5,1,00_00,61720,15
2012,5,2,01_04,252840,6
2012,5,4,10_14,297880,3
2012,5,5,15_19,312430,15
2012,5,6,20_24,312810,12
2012,5,7,25_29,276400,18
2012,5,8,30_34,270130,24
2012,5,9,35_39,279580,15
2012,5,10,40_44,317790,36
2012,5,11,45_49,313740,57
2012,5,12,50_54,309880,93
2012,5,13,55_59,268560,87
2012,5,14,60_64,240510,138
2012,5,15,65_69,198470,234
2012,5,16,70_74,152940,258
2012,5,17,75_79,107890,291
2012,5,18,80_84,81970,429
2012,5,19,85_89,49060,459
2012,5,20,95_,24230,492
2012,6,1,00_00,61720,30
2012,6,2,01_04,252840,3
2012,6,3,05_09,296990,3
2012,6,4,10_14,297880,6
2012,6,5,15_19,312430,15
2012,6,6,20_24,312810,9
2012,6,7,25_29,276400,12
2012,6,8,30_34,270130,12
2012,6,9,35_39,279580,18
2012,6,10,40_44,317790,39
2012,6,11,45_49,313740,48
2012,6,12,50_54,309880,60
2012,6,13,55_59,268560,90
2012,6,14,60_64,240510,138
2012,6,15,65_69,198470,174
2012,6,16,70_74,152940,186
2012,6,17,75_79,107890,282
2012,6,18,80_84,81970,402
2012,6,19,85_89,49060,441
2012,6,20,95_,24230,477
2012,7,1,00_00,61720,30
2012,7,2,01_04,252840,12
2012,7,4,10_14,297880,6
2012,7,5,15_19,312430,18
2012,7,6,20_24,312810,12
2012,7,7,25_29,276400,15
2012,7,8,30_34,270130,12
2012,7,9,35_39,279580,24
2012,7,10,40_44,317790,36
2012,7,11,45_49,313740,60
2012,7,12,50_54,309880,81
2012,7,13,55_59,268560,102
2012,7,14,60_64,240510,159
2012,7,15,65_69,198470,195
2012,7,16,70_74,152940,297
2012,7,17,75_79,107890,309
2012,7,18,80_84,81970,486
2012,7,19,85_89,49060,492
2012,7,20,95_,24230,582
2012,8,1,00_00,61720,24
2012,8,2,01_04,252840,9
2012,8,3,05_09,296990,6
2012,8,4,10_14,297880,3
2012,8,5,15_19,312430,15
2012,8,6,20_24,312810,21
2012,8,7,25_29,276400,12
2012,8,8,30_34,270130,15
2012,8,9,35_39,279580,21
2012,8,10,40_44,317790,33
2012,8,11,45_49,313740,75
2012,8,12,50_54,309880,96
2012,8,13,55_59,268560,123
2012,8,14,60_64,240510,153
2012,8,15,65_69,198470,189
2012,8,16,70_74,152940,279
2012,8,17,75_79,107890,372
2012,8,18,80_84,81970,459
2012,8,19,85_89,49060,621
2012,8,20,95_,24230,519
2012,9,1,00_00,61720,21
2012,9,2,01_04,252840,3
2012,9,3,05_09,296990,3
2012,9,4,10_14,297880,6
2012,9,5,15_19,312430,9
2012,9,6,20_24,312810,18
2012,9,7,25_29,276400,12
2012,9,8,30_34,270130,12
2012,9,9,35_39,279580,21
2012,9,10,40_44,317790,30
2012,9,11,45_49,313740,60
2012,9,12,50_54,309880,69
2012,9,13,55_59,268560,96
2012,9,14,60_64,240510,129
2012,9,15,65_69,198470,165
2012,9,16,70_74,152940,237
2012,9,17,75_79,107890,267
2012,9,18,80_84,81970,405
2012,9,19,85_89,49060,471
2012,9,20,95_,24230,465
2012,10,1,00_00,61720,18
2012,10,2,01_04,252840,6
2012,10,4,10_14,297880,6
2012,10,5,15_19,312430,18
2012,10,6,20_24,312810,18
2012,10,7,25_29,276400,9
2012,10,8,30_34,270130,24
2012,10,9,35_39,279580,21
2012,10,10,40_44,317790,42
2012,10,11,45_49,313740,54
2012,10,12,50_54,309880,81
2012,10,13,55_59,268560,90
2012,10,14,60_64,240510,126
2012,10,15,65_69,198470,186
2012,10,16,70_74,152940,249
2012,10,17,75_79,107890,336
2012,10,18,80_84,81970,453
2012,10,19,85_89,49060,525
2012,10,20,95_,24230,525
2012,11,1,00_00,61720,18
2012,11,3,05_09,296990,6
2012,11,5,15_19,312430,12
2012,11,6,20_24,312810,18
2012,11,7,25_29,276400,15
2012,11,8,30_34,270130,15
2012,11,9,35_39,279580,24
2012,11,10,40_44,317790,36
2012,11,11,45_49,313740,54
2012,11,12,50_54,309880,69
2012,11,13,55_59,268560,96
2012,11,14,60_64,240510,141
2012,11,15,65_69,198470,186
2012,11,16,70_74,152940,231
2012,11,17,75_79,107890,285
2012,11,18,80_84,81970,390
2012,11,19,85_89,49060,438
2012,11,20,95_,24230,456
2012,12,1,00_00,61720,12
2012,12,3,05_09,296990,3
2012,12,4,10_14,297880,3
2012,12,5,15_19,312430,21
2012,12,6,20_24,312810,18
2012,12,7,25_29,276400,18
2012,12,8,30_34,270130,9
2012,12,9,35_39,279580,21
2012,12,10,40_44,317790,36
2012,12,11,45_49,313740,48
2012,12,12,50_54,309880,69
2012,12,13,55_59,268560,99
2012,12,14,60_64,240510,138
2012,12,15,65_69,198470,144
2012,12,16,70_74,152940,210
2012,12,17,75_79,107890,252
2012,12,18,80_84,81970,342
2012,12,19,85_89,49060,396
2012,12,20,95_,24230,372
2013,1,1,00_00,58600,27
2013,1,4,10_14,296150,6
2013,1,5,15_19,311290,15
2013,1,6,20_24,319560,24
2013,1,7,25_29,284970,24
2013,1,8,30_34,275540,9
2013,1,9,35_39,275030,24
2013,1,10,40_44,316110,51
2013,1,11,45_49,312280,54
2013,1,12,50_54,316120,81
2013,1,13,55_59,276050,93
2013,1,14,60_64,242990,186
2013,1,15,65_69,211350,183
2013,1,16,70_74,156790,270
2013,1,17,75_79,111550,300
2013,1,18,80_84,82260,429
2013,1,19,85_89,50500,462
2013,1,20,95_,25530,417
2013,2,1,00_00,58600,15
2013,2,2,01_04,251310,3
2013,2,3,05_09,303370,3
2013,2,4,10_14,296150,3
2013,2,5,15_19,311290,15
2013,2,6,20_24,319560,9
2013,2,7,25_29,284970,9
2013,2,8,30_34,275540,15
2013,2,9,35_39,275030,18
2013,2,10,40_44,316110,24
2013,2,11,45_49,312280,54
2013,2,12,50_54,316120,78
2013,2,13,55_59,276050,84
2013,2,14,60_64,242990,132
2013,2,15,65_69,211350,153
2013,2,16,70_74,156790,192
2013,2,17,75_79,111550,243
2013,2,18,80_84,82260,312
2013,2,19,85_89,50500,369
2013,2,20,95_,25530,336
2013,3,1,00_00,58600,24
2013,3,2,01_04,251310,3
2013,3,5,15_19,311290,15
2013,3,6,20_24,319560,9
2013,3,7,25_29,284970,9
2013,3,8,30_34,275540,15
2013,3,9,35_39,275030,21
2013,3,10,40_44,316110,24
2013,3,11,45_49,312280,51
2013,3,12,50_54,316120,66
2013,3,13,55_59,276050,87
2013,3,14,60_64,242990,135
2013,3,15,65_69,211350,150
2013,3,16,70_74,156790,189
2013,3,17,75_79,111550,243
2013,3,18,80_84,82260,324
2013,3,19,85_89,50500,372
2013,3,20,95_,25530,372
2013,4,1,00_00,58600,18
2013,4,5,15_19,311290,9
2013,4,6,20_24,319560,15
2013,4,7,25_29,284970,6
2013,4,8,30_34,275540,15
2013,4,9,35_39,275030,24
2013,4,10,40_44,316110,30
2013,4,11,45_49,312280,63
2013,4,12,50_54,316120,93
2013,4,13,55_59,276050,123
2013,4,14,60_64,242990,129
2013,4,15,65_69,211350,201
2013,4,16,70_74,156790,231
2013,4,17,75_79,111550,300
2013,4,18,80_84,82260,387
2013,4,19,85_89,50500,444
2013,4,20,95_,25530,444
2013,5,1,00_00,58600,24
2013,5,2,01_04,251310,3
2013,5,3,05_09,303370,6
2013,5,5,15_19,311290,12
2013,5,6,20_24,319560,15
2013,5,7,25_29,284970,9
2013,5,8,30_34,275540,9
2013,5,9,35_39,275030,18
2013,5,10,40_44,316110,45
2013,5,11,45_49,312280,48
2013,5,12,50_54,316120,78
2013,5,13,55_59,276050,120
2013,5,14,60_64,242990,132
2013,5,15,65_69,211350,195
2013,5,16,70_74,156790,243
2013,5,17,75_79,111550,306
2013,5,18,80_84,82260,396
2013,5,19,85_89,50500,489
2013,5,20,95_,25530,432
2013,6,1,00_00,58600,27
2013,6,2,01_04,251310,3
2013,6,3,05_09,303370,3
2013,6,5,15_19,311290,9
2013,6,6,20_24,319560,6
2013,6,7,25_29,284970,12
2013,6,8,30_34,275540,12
2013,6,9,35_39,275030,9
2013,6,10,40_44,316110,33
2013,6,11,45_49,312280,48
2013,6,12,50_54,316120,75
2013,6,13,55_59,276050,84
2013,6,14,60_64,242990,117
2013,6,15,65_69,211350,171
2013,6,16,70_74,156790,213
2013,6,17,75_79,111550,270
2013,6,18,80_84,82260,363
2013,6,19,85_89,50500,414
2013,6,20,95_,25530,390
2013,7,1,00_00,58600,24
2013,7,2,01_04,251310,6
2013,7,3,05_09,303370,3
2013,7,5,15_19,311290,18
2013,7,6,20_24,319560,12
2013,7,7,25_29,284970,12
2013,7,8,30_34,275540,15
2013,7,9,35_39,275030,30
2013,7,10,40_44,316110,33
2013,7,11,45_49,312280,51
2013,7,12,50_54,316120,84
2013,7,13,55_59,276050,126
2013,7,14,60_64,242990,147
2013,7,15,65_69,211350,219
2013,7,16,70_74,156790,288
2013,7,17,75_79,111550,312
2013,7,18,80_84,82260,453
2013,7,19,85_89,50500,537
2013,7,20,95_,25530,507
2013,8,1,00_00,58600,24
2013,8,2,01_04,251310,9
2013,8,3,05_09,303370,3
2013,8,5,15_19,311290,18
2013,8,6,20_24,319560,24
2013,8,7,25_29,284970,9
2013,8,8,30_34,275540,12
2013,8,9,35_39,275030,12
2013,8,10,40_44,316110,33
2013,8,11,45_49,312280,57
2013,8,12,50_54,316120,90
2013,8,13,55_59,276050,93
2013,8,14,60_64,242990,141
2013,8,15,65_69,211350,177
2013,8,16,70_74,156790,267
2013,8,17,75_79,111550,345
2013,8,18,80_84,82260,420
2013,8,19,85_89,50500,513
2013,8,20,95_,25530,480
2013,9,1,00_00,58600,21
2013,9,2,01_04,251310,6
2013,9,3,05_09,303370,3
2013,9,4,10_14,296150,6
2013,9,5,15_19,311290,12
2013,9,6,20_24,319560,12
2013,9,7,25_29,284970,15
2013,9,8,30_34,275540,18
2013,9,9,35_39,275030,18
2013,9,10,40_44,316110,42
2013,9,11,45_49,312280,54
2013,9,12,50_54,316120,78
2013,9,13,55_59,276050,108
2013,9,14,60_64,242990,129
2013,9,15,65_69,211350,234
2013,9,16,70_74,156790,240
2013,9,17,75_79,111550,312
2013,9,18,80_84,82260,375
2013,9,19,85_89,50500,468
2013,9,20,95_,25530,477
2013,10,1,00_00,58600,15
2013,10,2,01_04,251310,9
2013,10,5,15_19,311290,9
2013,10,6,20_24,319560,18
2013,10,7,25_29,284970,12
2013,10,8,30_34,275540,12
2013,10,9,35_39,275030,27
2013,10,10,40_44,316110,36
2013,10,11,45_49,312280,42
2013,10,12,50_54,316120,90
2013,10,13,55_59,276050,102
2013,10,14,60_64,242990,150
2013,10,15,65_69,211350,174
2013,10,16,70_74,156790,243
2013,10,17,75_79,111550,312
2013,10,18,80_84,82260,408
2013,10,19,85_89,50500,489
2013,10,20,95_,25530,498
2013,11,1,00_00,58600,21
2013,11,4,10_14,296150,3
2013,11,5,15_19,311290,12
2013,11,6,20_24,319560,18
2013,11,7,25_29,284970,12
2013,11,8,30_34,275540,12
2013,11,9,35_39,275030,18
2013,11,10,40_44,316110,33
2013,11,11,45_49,312280,57
2013,11,12,50_54,316120,84
2013,11,13,55_59,276050,102
2013,11,14,60_64,242990,141
2013,11,15,65_69,211350,174
2013,11,16,70_74,156790,222
2013,11,17,75_79,111550,264
2013,11,18,80_84,82260,369
2013,11,19,85_89,50500,417
2013,11,20,95_,25530,393
2013,12,1,00_00,58600,15
2013,12,2,01_04,251310,6
2013,12,3,05_09,303370,6
2013,12,5,15_19,311290,12
2013,12,6,20_24,319560,18
2013,12,7,25_29,284970,15
2013,12,8,30_34,275540,6
2013,12,9,35_39,275030,27
2013,12,10,40_44,316110,24
2013,12,11,45_49,312280,42
2013,12,12,50_54,316120,87
2013,12,13,55_59,276050,99
2013,12,14,60_64,242990,123
2013,12,15,65_69,211350,165
2013,12,16,70_74,156790,225
2013,12,17,75_79,111550,258
2013,12,18,80_84,82260,375
2013,12,19,85_89,50500,372
2013,12,20,95_,25530,387
2014,1,1,00_00,58520,15
2014,1,2,01_04,248290,6
2014,1,3,05_09,311000,9
2014,1,5,15_19,313920,12
2014,1,6,20_24,331010,15
2014,1,7,25_29,303010,15
2014,1,8,30_34,285470,18
2014,1,9,35_39,276240,21
2014,1,10,40_44,314430,27
2014,1,11,45_49,314790,54
2014,1,12,50_54,320840,90
2014,1,13,55_59,283790,105
2014,1,14,60_64,247660,120
2014,1,15,65_69,220930,177
2014,1,16,70_74,161400,222
2014,1,17,75_79,116290,294
2014,1,18,80_84,82670,369
2014,1,19,85_89,51560,420
2014,1,20,95_,26740,462
2014,2,1,00_00,58520,27
2014,2,3,05_09,311000,3
2014,2,4,10_14,295790,3
2014,2,5,15_19,313920,9
2014,2,6,20_24,331010,6
2014,2,7,25_29,303010,6
2014,2,8,30_34,285470,15
2014,2,9,35_39,276240,12
2014,2,10,40_44,314430,30
2014,2,11,45_49,314790,48
2014,2,12,50_54,320840,69
2014,2,13,55_59,283790,96
2014,2,14,60_64,247660,147
2014,2,15,65_69,220930,174
2014,2,16,70_74,161400,213
2014,2,17,75_79,116290,273
2014,2,18,80_84,82670,360
2014,2,19,85_89,51560,369
2014,2,20,95_,26740,357
2014,3,1,00_00,58520,21
2014,3,2,01_04,248290,9
2014,3,3,05_09,311000,3
2014,3,4,10_14,295790,3
2014,3,5,15_19,313920,3
2014,3,6,20_24,331010,12
2014,3,7,25_29,303010,15
2014,3,8,30_34,285470,3
2014,3,9,35_39,276240,15
2014,3,10,40_44,314430,24
2014,3,11,45_49,314790,57
2014,3,12,50_54,320840,66
2014,3,13,55_59,283790,102
2014,3,14,60_64,247660,114
2014,3,15,65_69,220930,168
2014,3,16,70_74,161400,189
2014,3,17,75_79,116290,267
2014,3,18,80_84,82670,360
2014,3,19,85_89,51560,402
2014,3,20,95_,26740,411
2014,4,1,00_00,58520,21
2014,4,2,01_04,248290,3
2014,4,3,05_09,311000,6
2014,4,5,15_19,313920,6
2014,4,6,20_24,331010,15
2014,4,7,25_29,303010,15
2014,4,8,30_34,285470,9
2014,4,9,35_39,276240,18
2014,4,10,40_44,314430,33
2014,4,11,45_49,314790,51
2014,4,12,50_54,320840,84
2014,4,13,55_59,283790,108
2014,4,14,60_64,247660,129
2014,4,15,65_69,220930,180
2014,4,16,70_74,161400,231
2014,4,17,75_79,116290,261
2014,4,18,80_84,82670,366
2014,4,19,85_89,51560,363
2014,4,20,95_,26740,372
2014,5,1,00_00,58520,60
2014,5,2,01_04,248290,3
2014,5,3,05_09,311000,6
2014,5,5,15_19,313920,9
2014,5,6,20_24,331010,21
2014,5,7,25_29,303010,15
2014,5,8,30_34,285470,9
2014,5,9,35_39,276240,15
2014,5,10,40_44,314430,36
2014,5,11,45_49,314790,48
2014,5,12,50_54,320840,81
2014,5,13,55_59,283790,105
2014,5,14,60_64,247660,135
2014,5,15,65_69,220930,213
2014,5,16,70_74,161400,243
2014,5,17,75_79,116290,294
2014,5,18,80_84,82670,429
2014,5,19,85_89,51560,426
2014,5,20,95_,26740,531
2014,6,1,00_00,58520,45
2014,6,2,01_04,248290,3
2014,6,3,05_09,311000,3
2014,6,4,10_14,295790,6
2014,6,5,15_19,313920,9
2014,6,6,20_24,331010,12
2014,6,7,25_29,303010,6
2014,6,8,30_34,285470,27
2014,6,9,35_39,276240,24
2014,6,10,40_44,314430,36
2014,6,11,45_49,314790,51
2014,6,12,50_54,320840,81
2014,6,13,55_59,283790,108
2014,6,14,60_64,247660,138
2014,6,15,65_69,220930,183
2014,6,16,70_74,161400,249
2014,6,17,75_79,116290,297
2014,6,18,80_84,82670,417
2014,6,19,85_89,51560,468
2014,6,20,95_,26740,498
2014,7,1,00_00,58520,30
2014,7,2,01_04,248290,3
2014,7,3,05_09,311000,3
2014,7,5,15_19,313920,15
2014,7,6,20_24,331010,15
2014,7,7,25_29,303010,18
2014,7,8,30_34,285470,12
2014,7,9,35_39,276240,24
2014,7,10,40_44,314430,36
2014,7,11,45_49,314790,60
2014,7,12,50_54,320840,81
2014,7,13,55_59,283790,108
2014,7,14,60_64,247660,144
2014,7,15,65_69,220930,216
2014,7,16,70_74,161400,261
2014,7,17,75_79,116290,363
2014,7,18,80_84,82670,471
2014,7,19,85_89,51560,594
2014,7,20,95_,26740,567
2014,8,1,00_00,58520,21
2014,8,2,01_04,248290,9
2014,8,3,05_09,311000,3
2014,8,4,10_14,295790,3
2014,8,5,15_19,313920,12
2014,8,6,20_24,331010,6
2014,8,7,25_29,303010,12
2014,8,8,30_34,285470,18
2014,8,9,35_39,276240,18
2014,8,10,40_44,314430,33
2014,8,11,45_49,314790,45
2014,8,12,50_54,320840,72
2014,8,13,55_59,283790,93
2014,8,14,60_64,247660,156
2014,8,15,65_69,220930,213
2014,8,16,70_74,161400,237
2014,8,17,75_79,116290,339
2014,8,18,80_84,82670,468
2014,8,19,85_89,51560,525
2014,8,20,95_,26740,558
2014,9,1,00_00,58520,21
2014,9,2,01_04,248290,9
2014,9,3,05_09,311000,3
2014,9,4,10_14,295790,6
2014,9,5,15_19,313920,9
2014,9,6,20_24,331010,12
2014,9,7,25_29,303010,12
2014,9,8,30_34,285470,18
2014,9,9,35_39,276240,24
2014,9,10,40_44,314430,36
2014,9,11,45_49,314790,42
2014,9,12,50_54,320840,99
2014,9,13,55_59,283790,126
2014,9,14,60_64,247660,153
2014,9,15,65_69,220930,192
2014,9,16,70_74,161400,276
2014,9,17,75_79,116290,342
2014,9,18,80_84,82670,429
2014,9,19,85_89,51560,507
2014,9,20,95_,26740,567
2014,10,1,00_00,58520,18
2014,10,2,01_04,248290,6
2014,10,3,05_09,311000,3
2014,10,5,15_19,313920,18
2014,10,6,20_24,331010,18
2014,10,7,25_29,303010,9
2014,10,8,30_34,285470,15
2014,10,9,35_39,276240,18
2014,10,10,40_44,314430,24
2014,10,11,45_49,314790,48
2014,10,12,50_54,320840,96
2014,10,13,55_59,283790,102
2014,10,14,60_64,247660,156
2014,10,15,65_69,220930,210
2014,10,16,70_74,161400,252
2014,10,17,75_79,116290,336
2014,10,18,80_84,82670,420
2014,10,19,85_89,51560,519
2014,10,20,95_,26740,561
2014,11,1,00_00,58520,21
2014,11,2,01_04,248290,6
2014,11,3,05_09,311000,6
2014,11,4,10_14,295790,3
2014,11,5,15_19,313920,15
2014,11,6,20_24,331010,15
2014,11,7,25_29,303010,12
2014,11,8,30_34,285470,18
2014,11,9,35_39,276240,27
2014,11,10,40_44,314430,39
2014,11,11,45_49,314790,33
2014,11,12,50_54,320840,75
2014,11,13,55_59,283790,93
2014,11,14,60_64,247660,150
2014,11,15,65_69,220930,171
2014,11,16,70_74,161400,249
2014,11,17,75_79,116290,264
2014,11,18,80_84,82670,375
2014,11,19,85_89,51560,435
2014,11,20,95_,26740,456
2014,12,1,00_00,58520,30
2014,12,2,01_04,248290,3
2014,12,5,15_19,313920,9
2014,12,6,20_24,331010,15
2014,12,7,25_29,303010,15
2014,12,8,30_34,285470,15
2014,12,9,35_39,276240,18
2014,12,10,40_44,314430,30
2014,12,11,45_49,314790,51
2014,12,12,50_54,320840,90
2014,12,13,55_59,283790,132
2014,12,14,60_64,247660,141
2014,12,15,65_69,220930,237
2014,12,16,70_74,161400,231
2014,12,17,75_79,116290,270
2014,12,18,80_84,82670,420
2014,12,19,85_89,51560,477
2014,12,20,95_,26740,477
2015,1,1,00_00,59140,18
2015,1,2,01_04,245530,6
2015,1,3,05_09,319160,3
2015,1,4,10_14,295500,3
2015,1,5,15_19,316110,12
2015,1,6,20_24,340630,21
2015,1,7,25_29,327230,15
2015,1,8,30_34,297920,12
2015,1,9,35_39,282630,15
2015,1,10,40_44,310310,39
2015,1,11,45_49,320200,48
2015,1,12,50_54,321680,90
2015,1,13,55_59,293350,99
2015,1,14,60_64,253030,144
2015,1,15,65_69,228760,198
2015,1,16,70_74,165830,228
2015,1,17,75_79,123510,303
2015,1,18,80_84,82410,387
2015,1,19,85_89,52900,429
2015,1,20,95_,27890,465
2015,2,1,00_00,59140,18
2015,2,2,01_04,245530,6
2015,2,3,05_09,319160,3
2015,2,5,15_19,316110,12
2015,2,6,20_24,340630,15
2015,2,7,25_29,327230,12
2015,2,8,30_34,297920,24
2015,2,9,35_39,282630,21
2015,2,10,40_44,310310,24
2015,2,11,45_49,320200,48
2015,2,12,50_54,321680,84
2015,2,13,55_59,293350,96
2015,2,14,60_64,253030,117
2015,2,15,65_69,228760,186
2015,2,16,70_74,165830,201
2015,2,17,75_79,123510,258
2015,2,18,80_84,82410,330
2015,2,19,85_89,52900,387
2015,2,20,95_,27890,408
2015,3,1,00_00,59140,21
2015,3,2,01_04,245530,9
2015,3,3,05_09,319160,3
2015,3,5,15_19,316110,18
2015,3,6,20_24,340630,15
2015,3,7,25_29,327230,18
2015,3,8,30_34,297920,12
2015,3,9,35_39,282630,18
2015,3,10,40_44,310310,24
2015,3,11,45_49,320200,54
2015,3,12,50_54,321680,87
2015,3,13,55_59,293350,108
2015,3,14,60_64,253030,147
2015,3,15,65_69,228760,213
2015,3,16,70_74,165830,264
2015,3,17,75_79,123510,300
2015,3,18,80_84,82410,387
2015,3,19,85_89,52900,405
2015,3,20,95_,27890,459
2015,4,1,00_00,59140,21
2015,4,2,01_04,245530,3
2015,4,5,15_19,316110,21
2015,4,6,20_24,340630,15
2015,4,7,25_29,327230,15
2015,4,8,30_34,297920,12
2015,4,9,35_39,282630,12
2015,4,10,40_44,310310,33
2015,4,11,45_49,320200,54
2015,4,12,50_54,321680,66
2015,4,13,55_59,293350,93
2015,4,14,60_64,253030,123
2015,4,15,65_69,228760,216
2015,4,16,70_74,165830,222
2015,4,17,75_79,123510,279
2015,4,18,80_84,82410,393
2015,4,19,85_89,52900,417
2015,4,20,95_,27890,456
2015,5,1,00_00,59140,12
2015,5,2,01_04,245530,3
2015,5,4,10_14,295500,9
2015,5,5,15_19,316110,9
2015,5,6,20_24,340630,21
2015,5,7,25_29,327230,12
2015,5,8,30_34,297920,21
2015,5,9,35_39,282630,24
2015,5,10,40_44,310310,27
2015,5,11,45_49,320200,48
2015,5,12,50_54,321680,66
2015,5,13,55_59,293350,105
2015,5,14,60_64,253030,144
2015,5,15,65_69,228760,183
2015,5,16,70_74,165830,246
2015,5,17,75_79,123510,291
2015,5,18,80_84,82410,381
2015,5,19,85_89,52900,423
2015,5,20,95_,27890,459
2015,6,1,00_00,59140,21
2015,6,2,01_04,245530,3
2015,6,4,10_14,295500,3
2015,6,5,15_19,316110,9
2015,6,6,20_24,340630,21
2015,6,7,25_29,327230,12
2015,6,8,30_34,297920,12
2015,6,9,35_39,282630,24
2015,6,10,40_44,310310,45
2015,6,11,45_49,320200,54
2015,6,12,50_54,321680,81
2015,6,13,55_59,293350,120
2015,6,14,60_64,253030,153
2015,6,15,65_69,228760,213
2015,6,16,70_74,165830,270
2015,6,17,75_79,123510,303
2015,6,18,80_84,82410,432
2015,6,19,85_89,52900,486
2015,6,20,95_,27890,495
2015,7,1,00_00,59140,24
2015,7,2,01_04,245530,6
2015,7,4,10_14,295500,6
2015,7,5,15_19,316110,9
2015,7,6,20_24,340630,12
2015,7,7,25_29,327230,15
2015,7,8,30_34,297920,18
2015,7,9,35_39,282630,15
2015,7,10,40_44,310310,30
2015,7,11,45_49,320200,66
2015,7,12,50_54,321680,78
2015,7,13,55_59,293350,108
2015,7,14,60_64,253030,159
2015,7,15,65_69,228760,213
2015,7,16,70_74,165830,282
2015,7,17,75_79,123510,333
2015,7,18,80_84,82410,507
2015,7,19,85_89,52900,522
2015,7,20,95_,27890,639
2015,8,1,00_00,59140,24
2015,8,3,05_09,319160,3
2015,8,5,15_19,316110,12
2015,8,6,20_24,340630,15
2015,8,7,25_29,327230,12
2015,8,8,30_34,297920,15
2015,8,9,35_39,282630,15
2015,8,10,40_44,310310,33
2015,8,11,45_49,320200,48
2015,8,12,50_54,321680,66
2015,8,13,55_59,293350,117
2015,8,14,60_64,253030,141
2015,8,15,65_69,228760,189
2015,8,16,70_74,165830,285
2015,8,17,75_79,123510,390
2015,8,18,80_84,82410,441
2015,8,19,85_89,52900,549
2015,8,20,95_,27890,630
2015,9,1,00_00,59140,21
2015,9,2,01_04,245530,6
2015,9,3,05_09,319160,6
2015,9,5,15_19,316110,12
2015,9,6,20_24,340630,9
2015,9,7,25_29,327230,21
2015,9,8,30_34,297920,18
2015,9,9,35_39,282630,21
2015,9,10,40_44,310310,30
2015,9,11,45_49,320200,54
2015,9,12,50_54,321680,90
2015,9,13,55_59,293350,120
2015,9,14,60_64,253030,132
2015,9,15,65_69,228760,207
2015,9,16,70_74,165830,270
2015,9,17,75_79,123510,363
2015,9,18,80_84,82410,447
2015,9,19,85_89,52900,531
2015,9,20,95_,27890,621
2015,10,1,00_00,59140,21
2015,10,2,01_04,245530,6
2015,10,4,10_14,295500,3
2015,10,5,15_19,316110,6
2015,10,6,20_24,340630,18
2015,10,7,25_29,327230,12
2015,10,8,30_34,297920,9
2015,10,9,35_39,282630,18
2015,10,10,40_44,310310,24
2015,10,11,45_49,320200,51
2015,10,12,50_54,321680,93
2015,10,13,55_59,293350,105
2015,10,14,60_64,253030,129
2015,10,15,65_69,228760,195
2015,10,16,70_74,165830,261
2015,10,17,75_79,123510,342
2015,10,18,80_84,82410,387
2015,10,19,85_89,52900,465
2015,10,20,95_,27890,495
2015,11,1,00_00,59140,18
2015,11,2,01_04,245530,3
2015,11,3,05_09,319160,6
2015,11,4,10_14,295500,3
2015,11,5,15_19,316110,15
2015,11,6,20_24,340630,18
2015,11,7,25_29,327230,15
2015,11,8,30_34,297920,15
2015,11,9,35_39,282630,21
2015,11,10,40_44,310310,24
2015,11,11,45_49,320200,48
2015,11,12,50_54,321680,69
2015,11,13,55_59,293350,96
2015,11,14,60_64,253030,144
2015,11,15,65_69,228760,204
2015,11,16,70_74,165830,237
2015,11,17,75_79,123510,285
2015,11,18,80_84,82410,381
2015,11,19,85_89,52900,456
2015,11,20,95_,27890,495
2015,12,1,00_00,59140,27
2015,12,2,01_04,245530,6
2015,12,3,05_09,319160,3
2015,12,5,15_19,316110,18
2015,12,6,20_24,340630,21
2015,12,7,25_29,327230,9
2015,12,8,30_34,297920,12
2015,12,9,35_39,282630,21
2015,12,10,40_44,310310,33
2015,12,11,45_49,320200,42
2015,12,12,50_54,321680,78
2015,12,13,55_59,293350,102
2015,12,14,60_64,253030,147
2015,12,15,65_69,228760,210
2015,12,16,70_74,165830,255
2015,12,17,75_79,123510,303
2015,12,18,80_84,82410,351
2015,12,19,85_89,52900,435
2015,12,20,95_,27890,453
2016,1,1,00_00,60180,15
2016,1,3,05_09,324860,6
2016,1,4,10_14,299800,3
2016,1,5,15_19,316710,12
2016,1,6,20_24,343960,15
2016,1,7,25_29,349940,24
2016,1,8,30_34,313630,12
2016,1,9,35_39,291610,21
2016,1,10,40_44,305670,36
2016,1,11,45_49,327440,54
2016,1,12,50_54,321380,75
2016,1,13,55_59,302520,108
2016,1,14,60_64,260730,132
2016,1,15,65_69,232530,180
2016,1,16,70_74,173610,228
2016,1,17,75_79,130440,315
2016,1,18,80_84,83750,354
2016,1,19,85_89,53930,408
2016,1,20,95_,29180,453
2016,2,1,00_00,60180,15
2016,2,2,01_04,245770,3
2016,2,4,10_14,299800,3
2016,2,5,15_19,316710,15
2016,2,6,20_24,343960,15
2016,2,7,25_29,349940,6
2016,2,8,30_34,313630,15
2016,2,9,35_39,291610,24
2016,2,10,40_44,305670,30
2016,2,11,45_49,327440,39
2016,2,12,50_54,321380,81
2016,2,13,55_59,302520,99
2016,2,14,60_64,260730,129
2016,2,15,65_69,232530,183
2016,2,16,70_74,173610,216
2016,2,17,75_79,130440,267
2016,2,18,80_84,83750,312
2016,2,19,85_89,53930,381
2016,2,20,95_,29180,432
2016,3,1,00_00,60180,15
2016,3,2,01_04,245770,6
2016,3,3,05_09,324860,6
2016,3,4,10_14,299800,3
2016,3,5,15_19,316710,9
2016,3,6,20_24,343960,15
2016,3,7,25_29,349940,18
2016,3,8,30_34,313630,24
2016,3,9,35_39,291610,15
2016,3,10,40_44,305670,39
2016,3,11,45_49,327440,48
2016,3,12,50_54,321380,90
2016,3,13,55_59,302520,117
2016,3,14,60_64,260730,138
2016,3,15,65_69,232530,189
2016,3,16,70_74,173610,210
2016,3,17,75_79,130440,288
2016,3,18,80_84,83750,321
2016,3,19,85_89,53930,417
2016,3,20,95_,29180,420
2016,4,1,00_00,60180,12
2016,4,2,01_04,245770,6
2016,4,3,05_09,324860,6
2016,4,4,10_14,299800,3
2016,4,5,15_19,316710,9
2016,4,6,20_24,343960,9
2016,4,7,25_29,349940,18
2016,4,8,30_34,313630,18
2016,4,9,35_39,291610,21
2016,4,10,40_44,305670,21
2016,4,11,45_49,327440,51
2016,4,12,50_54,321380,84
2016,4,13,55_59,302520,105
2016,4,14,60_64,260730,126
2016,4,15,65_69,232530,204
2016,4,16,70_74,173610,237
2016,4,17,75_79,130440,300
2016,4,18,80_84,83750,309
2016,4,19,85_89,53930,393
2016,4,20,95_,29180,432
2016,5,1,00_00,60180,27
2016,5,4,10_14,299800,3
2016,5,5,15_19,316710,9
2016,5,6,20_24,343960,18
2016,5,7,25_29,349940,21
2016,5,8,30_34,313630,15
2016,5,9,35_39,291610,21
2016,5,10,40_44,305670,27
2016,5,11,45_49,327440,51
2016,5,12,50_54,321380,69
2016,5,13,55_59,302520,117
2016,5,14,60_64,260730,153
2016,5,15,65_69,232530,204
2016,5,16,70_74,173610,261
2016,5,17,75_79,130440,303
2016,5,18,80_84,83750,387
2016,5,19,85_89,53930,468
2016,5,20,95_,29180,510
2016,6,1,00_00,60180,18
2016,6,2,01_04,245770,3
2016,6,5,15_19,316710,15
2016,6,6,20_24,343960,12
2016,6,7,25_29,349940,15
2016,6,8,30_34,313630,21
2016,6,9,35_39,291610,15
2016,6,10,40_44,305670,39
2016,6,11,45_49,327440,57
2016,6,12,50_54,321380,87
2016,6,13,55_59,302520,126
2016,6,14,60_64,260730,141
2016,6,15,65_69,232530,216
2016,6,16,70_74,173610,252
2016,6,17,75_79,130440,288
2016,6,18,80_84,83750,372
2016,6,19,85_89,53930,471
2016,6,20,95_,29180,534
2016,7,1,00_00,60180,30
2016,7,2,01_04,245770,3
2016,7,4,10_14,299800,3
2016,7,5,15_19,316710,6
2016,7,6,20_24,343960,21
2016,7,7,25_29,349940,15
2016,7,8,30_34,313630,18
2016,7,9,35_39,291610,15
2016,7,10,40_44,305670,30
2016,7,11,45_49,327440,48
2016,7,12,50_54,321380,90
2016,7,13,55_59,302520,129
2016,7,14,60_64,260730,135
2016,7,15,65_69,232530,210
2016,7,16,70_74,173610,252
2016,7,17,75_79,130440,315
2016,7,18,80_84,83750,423
2016,7,19,85_89,53930,492
2016,7,20,95_,29180,543
2016,8,1,00_00,60180,15
2016,8,2,01_04,245770,3
2016,8,3,05_09,324860,6
2016,8,4,10_14,299800,3
2016,8,5,15_19,316710,12
2016,8,6,20_24,343960,18
2016,8,7,25_29,349940,21
2016,8,8,30_34,313630,15
2016,8,9,35_39,291610,27
2016,8,10,40_44,305670,36
2016,8,11,45_49,327440,60
2016,8,12,50_54,321380,90
2016,8,13,55_59,302520,111
2016,8,14,60_64,260730,141
2016,8,15,65_69,232530,228
2016,8,16,70_74,173610,276
2016,8,17,75_79,130440,321
2016,8,18,80_84,83750,480
2016,8,19,85_89,53930,588
2016,8,20,95_,29180,645
2016,9,1,00_00,60180,18
2016,9,2,01_04,245770,6
2016,9,3,05_09,324860,3
2016,9,4,10_14,299800,3
2016,9,5,15_19,316710,9
2016,9,6,20_24,343960,12
2016,9,7,25_29,349940,21
2016,9,8,30_34,313630,12
2016,9,9,35_39,291610,18
2016,9,10,40_44,305670,24
2016,9,11,45_49,327440,60
2016,9,12,50_54,321380,75
2016,9,13,55_59,302520,132
2016,9,14,60_64,260730,147
2016,9,15,65_69,232530,207
2016,9,16,70_74,173610,228
2016,9,17,75_79,130440,372
2016,9,18,80_84,83750,441
2016,9,19,85_89,53930,513
2016,9,20,95_,29180,579
2016,10,1,00_00,60180,12
2016,10,2,01_04,245770,3
2016,10,3,05_09,324860,3
2016,10,5,15_19,316710,9
2016,10,6,20_24,343960,18
2016,10,7,25_29,349940,9
2016,10,8,30_34,313630,15
2016,10,9,35_39,291610,15
2016,10,10,40_44,305670,36
2016,10,11,45_49,327440,45
2016,10,12,50_54,321380,78
2016,10,13,55_59,302520,120
2016,10,14,60_64,260730,144
2016,10,15,65_69,232530,192
2016,10,16,70_74,173610,225
2016,10,17,75_79,130440,306
2016,10,18,80_84,83750,372
2016,10,19,85_89,53930,489
2016,10,20,95_,29180,531
2016,11,1,00_00,60180,15
2016,11,2,01_04,245770,3
2016,11,4,10_14,299800,3
2016,11,5,15_19,316710,12
2016,11,6,20_24,343960,12
2016,11,7,25_29,349940,18
2016,11,8,30_34,313630,15
2016,11,9,35_39,291610,21
2016,11,10,40_44,305670,30
2016,11,11,45_49,327440,45
2016,11,12,50_54,321380,81
2016,11,13,55_59,302520,120
2016,11,14,60_64,260730,162
2016,11,15,65_69,232530,204
2016,11,16,70_74,173610,204
2016,11,17,75_79,130440,309
2016,11,18,80_84,83750,435
2016,11,19,85_89,53930,465
2016,11,20,95_,29180,525
2016,12,1,00_00,60180,21
2016,12,2,01_04,245770,6
2016,12,3,05_09,324860,3
2016,12,4,10_14,299800,6
2016,12,5,15_19,316710,15
2016,12,6,20_24,343960,9
2016,12,7,25_29,349940,6
2016,12,8,30_34,313630,21
2016,12,9,35_39,291610,12
2016,12,10,40_44,305670,39
2016,12,11,45_49,327440,42
2016,12,12,50_54,321380,66
2016,12,13,55_59,302520,99
2016,12,14,60_64,260730,147
2016,12,15,65_69,232530,201
2016,12,16,70_74,173610,231
2016,12,17,75_79,130440,297
2016,12,18,80_84,83750,384
2016,12,19,85_89,53930,438
2016,12,20,95_,29180,429
2017,1,1,00_00,59920,27
2017,1,2,01_04,245250,3
2017,1,3,05_09,328230,3
2017,1,4,10_14,308970,3
2017,1,5,15_19,316050,15
2017,1,6,20_24,341300,18
2017,1,7,25_29,366570,15
2017,1,8,30_34,329800,18
2017,1,9,35_39,304190,15
2017,1,10,40_44,301550,36
2017,1,11,45_49,333030,54
2017,1,12,50_54,320310,78
2017,1,13,55_59,311940,96
2017,1,14,60_64,267500,141
2017,1,15,65_69,234500,210
2017,1,16,70_74,185090,216
2017,1,17,75_79,135060,324
2017,1,18,80_84,86030,363
2017,1,19,85_89,54090,453
2017,1,20,95_,30120,474
2017,2,1,00_00,59920,12
2017,2,2,01_04,245250,3
2017,2,3,05_09,328230,3
2017,2,4,10_14,308970,6
2017,2,5,15_19,316050,9
2017,2,6,20_24,341300,12
2017,2,7,25_29,366570,18
2017,2,8,30_34,329800,15
2017,2,9,35_39,304190,18
2017,2,10,40_44,301550,24
2017,2,11,45_49,333030,48
2017,2,12,50_54,320310,90
2017,2,13,55_59,311940,120
2017,2,14,60_64,267500,144
2017,2,15,65_69,234500,198
2017,2,16,70_74,185090,231
2017,2,17,75_79,135060,285
2017,2,18,80_84,86030,336
2017,2,19,85_89,54090,381
2017,2,20,95_,30120,444
2017,3,1,00_00,59920,15
2017,3,5,15_19,316050,9
2017,3,6,20_24,341300,12
2017,3,7,25_29,366570,12
2017,3,8,30_34,329800,21
2017,3,9,35_39,304190,12
2017,3,10,40_44,301550,30
2017,3,11,45_49,333030,54
2017,3,12,50_54,320310,75
2017,3,13,55_59,311940,111
2017,3,14,60_64,267500,162
2017,3,15,65_69,234500,213
2017,3,16,70_74,185090,249
2017,3,17,75_79,135060,363
2017,3,18,80_84,86030,381
2017,3,19,85_89,54090,462
2017,3,20,95_,30120,492
2017,4,1,00_00,59920,15
2017,4,2,01_04,245250,3
2017,4,3,05_09,328230,6
2017,4,4,10_14,308970,3
2017,4,5,15_19,316050,9
2017,4,6,20_24,341300,18
2017,4,7,25_29,366570,21
2017,4,8,30_34,329800,15
2017,4,9,35_39,304190,18
2017,4,10,40_44,301550,24
2017,4,11,45_49,333030,48
2017,4,12,50_54,320310,81
2017,4,13,55_59,311940,117
2017,4,14,60_64,267500,135
2017,4,15,65_69,234500,177
2017,4,16,70_74,185090,246
2017,4,17,75_79,135060,297
2017,4,18,80_84,86030,312
2017,4,19,85_89,54090,381
2017,4,20,95_,30120,387
2017,5,1,00_00,59920,18
2017,5,2,01_04,245250,3
2017,5,3,05_09,328230,6
2017,5,5,15_19,316050,6
2017,5,6,20_24,341300,27
2017,5,7,25_29,366570,24
2017,5,8,30_34,329800,18
2017,5,9,35_39,304190,30
2017,5,10,40_44,301550,39
2017,5,11,45_49,333030,57
2017,5,12,50_54,320310,87
2017,5,13,55_59,311940,129
2017,5,14,60_64,267500,168
2017,5,15,65_69,234500,222
2017,5,16,70_74,185090,291
2017,5,17,75_79,135060,366
2017,5,18,80_84,86030,465
2017,5,19,85_89,54090,546
2017,5,20,95_,30120,531
2017,6,1,00_00,59920,18
2017,6,2,01_04,245250,6
2017,6,4,10_14,308970,3
2017,6,5,15_19,316050,18
2017,6,6,20_24,341300,24
2017,6,7,25_29,366570,15
2017,6,8,30_34,329800,24
2017,6,9,35_39,304190,21
2017,6,10,40_44,301550,33
2017,6,11,45_49,333030,57
2017,6,12,50_54,320310,72
2017,6,13,55_59,311940,111
2017,6,14,60_64,267500,168
2017,6,15,65_69,234500,216
2017,6,16,70_74,185090,273
2017,6,17,75_79,135060,330
2017,6,18,80_84,86030,456
2017,6,19,85_89,54090,591
2017,6,20,95_,30120,576
2017,7,1,00_00,59920,21
2017,7,2,01_04,245250,6
2017,7,4,10_14,308970,3
2017,7,5,15_19,316050,9
2017,7,6,20_24,341300,15
2017,7,7,25_29,366570,21
2017,7,8,30_34,329800,18
2017,7,9,35_39,304190,18
2017,7,10,40_44,301550,33
2017,7,11,45_49,333030,51
2017,7,12,50_54,320310,90
2017,7,13,55_59,311940,108
2017,7,14,60_64,267500,144
2017,7,15,65_69,234500,210
2017,7,16,70_74,185090,273
2017,7,17,75_79,135060,330
2017,7,18,80_84,86030,441
2017,7,19,85_89,54090,567
2017,7,20,95_,30120,654
2017,8,1,00_00,59920,27
2017,8,2,01_04,245250,3
2017,8,3,05_09,328230,3
2017,8,4,10_14,308970,6
2017,8,5,15_19,316050,18
2017,8,6,20_24,341300,24
2017,8,7,25_29,366570,12
2017,8,8,30_34,329800,15
2017,8,9,35_39,304190,30
2017,8,10,40_44,301550,36
2017,8,11,45_49,333030,66
2017,8,12,50_54,320310,75
2017,8,13,55_59,311940,144
2017,8,14,60_64,267500,177
2017,8,15,65_69,234500,252
2017,8,16,70_74,185090,324
2017,8,17,75_79,135060,483
2017,8,18,80_84,86030,579
2017,8,19,85_89,54090,660
2017,8,20,95_,30120,789
2017,9,1,00_00,59920,21
2017,9,2,01_04,245250,3
2017,9,3,05_09,328230,3
2017,9,4,10_14,308970,6
2017,9,5,15_19,316050,9
2017,9,6,20_24,341300,18
2017,9,7,25_29,366570,21
2017,9,8,30_34,329800,15
2017,9,9,35_39,304190,27
2017,9,10,40_44,301550,24
2017,9,11,45_49,333030,57
2017,9,12,50_54,320310,75
2017,9,13,55_59,311940,129
2017,9,14,60_64,267500,153
2017,9,15,65_69,234500,195
2017,9,16,70_74,185090,270
2017,9,17,75_79,135060,381
2017,9,18,80_84,86030,435
2017,9,19,85_89,54090,486
2017,9,20,95_,30120,600
2017,10,1,00_00,59920,15
2017,10,2,01_04,245250,3
2017,10,3,05_09,328230,6
2017,10,4,10_14,308970,3
2017,10,5,15_19,316050,12
2017,10,6,20_24,341300,15
2017,10,7,25_29,366570,18
2017,10,8,30_34,329800,21
2017,10,9,35_39,304190,21
2017,10,10,40_44,301550,27
2017,10,11,45_49,333030,57
2017,10,12,50_54,320310,81
2017,10,13,55_59,311940,111
2017,10,14,60_64,267500,165
2017,10,15,65_69,234500,201
2017,10,16,70_74,185090,267
2017,10,17,75_79,135060,372
2017,10,18,80_84,86030,420
2017,10,19,85_89,54090,480
2017,10,20,95_,30120,549
2017,11,1,00_00,59920,24
2017,11,2,01_04,245250,9
2017,11,3,05_09,328230,3
2017,11,4,10_14,308970,3
2017,11,5,15_19,316050,12
2017,11,6,20_24,341300,15
2017,11,7,25_29,366570,18
2017,11,8,30_34,329800,21
2017,11,9,35_39,304190,24
2017,11,10,40_44,301550,30
2017,11,11,45_49,333030,54
2017,11,12,50_54,320310,87
2017,11,13,55_59,311940,111
2017,11,14,60_64,267500,162
2017,11,15,65_69,234500,189
2017,11,16,70_74,185090,276
2017,11,17,75_79,135060,342
2017,11,18,80_84,86030,363
2017,11,19,85_89,54090,480
2017,11,20,95_,30120,486
2017,12,1,00_00,59920,21
2017,12,2,01_04,245250,9
2017,12,5,15_19,316050,9
2017,12,6,20_24,341300,15
2017,12,7,25_29,366570,21
2017,12,8,30_34,329800,24
2017,12,9,35_39,304190,30
2017,12,10,40_44,301550,21
2017,12,11,45_49,333030,39
2017,12,12,50_54,320310,66
2017,12,13,55_59,311940,78
2017,12,14,60_64,267500,138
2017,12,15,65_69,234500,186
2017,12,16,70_74,185090,234
2017,12,17,75_79,135060,261
2017,12,18,80_84,86030,321
2017,12,19,85_89,54090,408
2017,12,20,95_,30120,450
2018,1,1,00_00,58940,24
2018,1,2,01_04,246190,3
2018,1,3,05_09,328100,6
2018,1,5,15_19,316560,9
2018,1,6,20_24,337960,21
2018,1,7,25_29,375270,21
2018,1,8,30_34,346250,24
2018,1,9,35_39,316360,21
2018,1,10,40_44,301250,30
2018,1,11,45_49,333380,63
2018,1,12,50_54,320650,105
2018,1,13,55_59,319080,132
2018,1,14,60_64,275670,168
2018,1,15,65_69,237290,213
2018,1,16,70_74,197200,291
2018,1,17,75_79,138410,351
2018,1,18,80_84,89360,396
2018,1,19,85_89,54420,477
2018,1,20,95_,31090,513
2018,2,1,00_00,58940,21
2018,2,2,01_04,246190,3
2018,2,3,05_09,328100,3
2018,2,4,10_14,317770,6
2018,2,5,15_19,316560,12
2018,2,6,20_24,337960,15
2018,2,7,25_29,375270,21
2018,2,8,30_34,346250,18
2018,2,9,35_39,316360,15
2018,2,10,40_44,301250,27
2018,2,11,45_49,333380,48
2018,2,12,50_54,320650,69
2018,2,13,55_59,319080,114
2018,2,14,60_64,275670,129
2018,2,15,65_69,237290,192
2018,2,16,70_74,197200,228
2018,2,17,75_79,138410,324
2018,2,18,80_84,89360,372
2018,2,19,85_89,54420,360
2018,2,20,95_,31090,468
2018,3,1,00_00,58940,21
2018,3,2,01_04,246190,3
2018,3,3,05_09,328100,3
2018,3,4,10_14,317770,6
2018,3,5,15_19,316560,9
2018,3,6,20_24,337960,15
2018,3,7,25_29,375270,21
2018,3,8,30_34,346250,18
2018,3,9,35_39,316360,15
2018,3,10,40_44,301250,48
2018,3,11,45_49,333380,45
2018,3,12,50_54,320650,81
2018,3,13,55_59,319080,96
2018,3,14,60_64,275670,150
2018,3,15,65_69,237290,204
2018,3,16,70_74,197200,240
2018,3,17,75_79,138410,312
2018,3,18,80_84,89360,345
2018,3,19,85_89,54420,423
2018,3,20,95_,31090,459
2018,4,1,00_00,58940,15
2018,4,2,01_04,246190,6
2018,4,5,15_19,316560,9
2018,4,6,20_24,337960,9
2018,4,7,25_29,375270,15
2018,4,8,30_34,346250,21
2018,4,9,35_39,316360,21
2018,4,10,40_44,301250,30
2018,4,11,45_49,333380,54
2018,4,12,50_54,320650,90
2018,4,13,55_59,319080,138
2018,4,14,60_64,275670,153
2018,4,15,65_69,237290,186
2018,4,16,70_74,197200,243
2018,4,17,75_79,138410,324
2018,4,18,80_84,89360,357
2018,4,19,85_89,54420,447
2018,4,20,95_,31090,513
2018,5,1,00_00,58940,18
2018,5,2,01_04,246190,6
2018,5,3,05_09,328100,3
2018,5,5,15_19,316560,15
2018,5,6,20_24,337960,18
2018,5,7,25_29,375270,12
2018,5,8,30_34,346250,15
2018,5,9,35_39,316360,27
2018,5,10,40_44,301250,36
2018,5,11,45_49,333380,54
2018,5,12,50_54,320650,81
2018,5,13,55_59,319080,126
2018,5,14,60_64,275670,174
2018,5,15,65_69,237290,219
2018,5,16,70_74,197200,276
2018,5,17,75_79,138410,339
2018,5,18,80_84,89360,444
2018,5,19,85_89,54420,510
2018,5,20,95_,31090,570
2018,6,1,00_00,58940,18
2018,6,2,01_04,246190,6
2018,6,4,10_14,317770,9
2018,6,5,15_19,316560,6
2018,6,6,20_24,337960,12
2018,6,7,25_29,375270,18
2018,6,8,30_34,346250,15
2018,6,9,35_39,316360,18
2018,6,10,40_44,301250,27
2018,6,11,45_49,333380,48
2018,6,12,50_54,320650,75
2018,6,13,55_59,319080,108
2018,6,14,60_64,275670,153
2018,6,15,65_69,237290,207
2018,6,16,70_74,197200,297
2018,6,17,75_79,138410,333
2018,6,18,80_84,89360,372
2018,6,19,85_89,54420,483
2018,6,20,95_,31090,615
2018,7,1,00_00,58940,12
2018,7,2,01_04,246190,9
2018,7,3,05_09,328100,6
2018,7,4,10_14,317770,3
2018,7,5,15_19,316560,15
2018,7,6,20_24,337960,24
2018,7,7,25_29,375270,21
2018,7,8,30_34,346250,21
2018,7,9,35_39,316360,27
2018,7,10,40_44,301250,27
2018,7,11,45_49,333380,72
2018,7,12,50_54,320650,57
2018,7,13,55_59,319080,123
2018,7,14,60_64,275670,156
2018,7,15,65_69,237290,210
2018,7,16,70_74,197200,270
2018,7,17,75_79,138410,363
2018,7,18,80_84,89360,447
2018,7,19,85_89,54420,510
2018,7,20,95_,31090,627
2018,8,1,00_00,58940,15
2018,8,2,01_04,246190,6
2018,8,3,05_09,328100,3
2018,8,4,10_14,317770,6
2018,8,5,15_19,316560,18
2018,8,6,20_24,337960,9
2018,8,7,25_29,375270,15
2018,8,8,30_34,346250,15
2018,8,9,35_39,316360,30
2018,8,10,40_44,301250,33
2018,8,11,45_49,333380,51
2018,8,12,50_54,320650,93
2018,8,13,55_59,319080,126
2018,8,14,60_64,275670,180
2018,8,15,65_69,237290,219
2018,8,16,70_74,197200,312
2018,8,17,75_79,138410,366
2018,8,18,80_84,89360,498
2018,8,19,85_89,54420,558
2018,8,20,95_,31090,681
2018,9,1,00_00,58940,12
2018,9,2,01_04,246190,6
2018,9,5,15_19,316560,18
2018,9,6,20_24,337960,21
2018,9,7,25_29,375270,21
2018,9,8,30_34,346250,24
2018,9,9,35_39,316360,21
2018,9,10,40_44,301250,18
2018,9,11,45_49,333380,33
2018,9,12,50_54,320650,72
2018,9,13,55_59,319080,120
2018,9,14,60_64,275670,150
2018,9,15,65_69,237290,198
2018,9,16,70_74,197200,270
2018,9,17,75_79,138410,324
2018,9,18,80_84,89360,450
2018,9,19,85_89,54420,462
2018,9,20,95_,31090,546
2018,10,1,00_00,58940,24
2018,10,2,01_04,246190,6
2018,10,3,05_09,328100,3
2018,10,4,10_14,317770,6
2018,10,5,15_19,316560,12
2018,10,6,20_24,337960,18
2018,10,7,25_29,375270,18
2018,10,8,30_34,346250,21
2018,10,9,35_39,316360,18
2018,10,10,40_44,301250,48
2018,10,11,45_49,333380,45
2018,10,12,50_54,320650,84
2018,10,13,55_59,319080,150
2018,10,14,60_64,275670,168
2018,10,15,65_69,237290,216
2018,10,16,70_74,197200,303
2018,10,17,75_79,138410,351
2018,10,18,80_84,89360,435
2018,10,19,85_89,54420,528
2018,10,20,95_,31090,579
2018,11,1,00_00,58940,12
2018,11,2,01_04,246190,3
2018,11,3,05_09,328100,3
2018,11,4,10_14,317770,3
2018,11,5,15_19,316560,18
2018,11,6,20_24,337960,30
2018,11,7,25_29,375270,15
2018,11,8,30_34,346250,18
2018,11,9,35_39,316360,24
2018,11,10,40_44,301250,33
2018,11,11,45_49,333380,48
2018,11,12,50_54,320650,63
2018,11,13,55_59,319080,123
2018,11,14,60_64,275670,144
2018,11,15,65_69,237290,204
2018,11,16,70_74,197200,270
2018,11,17,75_79,138410,336
2018,11,18,80_84,89360,408
2018,11,19,85_89,54420,477
2018,11,20,95_,31090,552
2018,12,1,00_00,58940,27
2018,12,2,01_04,246190,6
2018,12,3,05_09,328100,3
2018,12,4,10_14,317770,6
2018,12,5,15_19,316560,3
2018,12,6,20_24,337960,18
2018,12,7,25_29,375270,15
2018,12,8,30_34,346250,18
2018,12,9,35_39,316360,21
2018,12,10,40_44,301250,27
2018,12,11,45_49,333380,36
2018,12,12,50_54,320650,75
2018,12,13,55_59,319080,108
2018,12,14,60_64,275670,132
2018,12,15,65_69,237290,159
2018,12,16,70_74,197200,228
2018,12,17,75_79,138410,306
2018,12,18,80_84,89360,351
2018,12,19,85_89,54420,402
2018,12,20,95_,31090,471
2019,1,1,00_00,60260,24
2019,1,2,01_04,246080,3
2019,1,4,10_14,327010,9
2019,1,5,15_19,317330,15
2019,1,6,20_24,337050,18
2019,1,7,25_29,381160,27
2019,1,8,30_34,364470,27
2019,1,9,35_39,329190,24
2019,1,10,40_44,305170,36
2019,1,11,45_49,332480,48
2019,1,12,50_54,323690,78
2019,1,13,55_59,325010,141
2019,1,14,60_64,285710,168
2019,1,15,65_69,244260,195
2019,1,16,70_74,207910,261
2019,1,17,75_79,143530,333
2019,1,18,80_84,93870,396
2019,1,19,85_89,55150,504
2019,1,20,95_,32200,516
2019,2,1,00_00,60260,15
2019,2,2,01_04,246080,6
2019,2,3,05_09,328930,3
2019,2,4,10_14,327010,3
2019,2,5,15_19,317330,6
2019,2,6,20_24,337050,12
2019,2,7,25_29,381160,21
2019,2,8,30_34,364470,18
2019,2,9,35_39,329190,18
2019,2,10,40_44,305170,24
2019,2,11,45_49,332480,57
2019,2,12,50_54,323690,81
2019,2,13,55_59,325010,108
2019,2,14,60_64,285710,141
2019,2,15,65_69,244260,153
2019,2,16,70_74,207910,216
2019,2,17,75_79,143530,267
2019,2,18,80_84,93870,318
2019,2,19,85_89,55150,378
2019,2,20,95_,32200,435
2019,3,1,00_00,60260,15
2019,3,2,01_04,246080,3
2019,3,4,10_14,327010,3
2019,3,5,15_19,317330,18
2019,3,6,20_24,337050,18
2019,3,7,25_29,381160,18
2019,3,8,30_34,364470,15
2019,3,9,35_39,329190,27
2019,3,10,40_44,305170,24
2019,3,11,45_49,332480,54
2019,3,12,50_54,323690,78
2019,3,13,55_59,325010,129
2019,3,14,60_64,285710,156
2019,3,15,65_69,244260,198
2019,3,16,70_74,207910,285
2019,3,17,75_79,143530,321
2019,3,18,80_84,93870,357
2019,3,19,85_89,55150,384
2019,3,20,95_,32200,519
2019,4,1,00_00,60260,36
2019,4,2,01_04,246080,12
2019,4,4,10_14,327010,6
2019,4,5,15_19,317330,12
2019,4,6,20_24,337050,18
2019,4,7,25_29,381160,21
2019,4,8,30_34,364470,18
2019,4,9,35_39,329190,15
2019,4,10,40_44,305170,30
2019,4,11,45_49,332480,60
2019,4,12,50_54,323690,81
2019,4,13,55_59,325010,123
2019,4,14,60_64,285710,156
2019,4,15,65_69,244260,213
2019,4,16,70_74,207910,300
2019,4,17,75_79,143530,321
2019,4,18,80_84,93870,426
2019,4,19,85_89,55150,456
2019,4,20,95_,32200,552
2019,5,1,00_00,60260,15
2019,5,2,01_04,246080,3
2019,5,3,05_09,328930,6
2019,5,4,10_14,327010,6
2019,5,5,15_19,317330,12
2019,5,6,20_24,337050,21
2019,5,7,25_29,381160,18
2019,5,8,30_34,364470,21
2019,5,9,35_39,329190,27
2019,5,10,40_44,305170,27
2019,5,11,45_49,332480,63
2019,5,12,50_54,323690,93
2019,5,13,55_59,325010,108
2019,5,14,60_64,285710,132
2019,5,15,65_69,244260,246
2019,5,16,70_74,207910,309
2019,5,17,75_79,143530,360
2019,5,18,80_84,93870,441
2019,5,19,85_89,55150,531
2019,5,20,95_,32200,624
2019,6,1,00_00,60260,33
2019,6,2,01_04,246080,6
2019,6,3,05_09,328930,3
2019,6,4,10_14,327010,3
2019,6,5,15_19,317330,12
2019,6,6,20_24,337050,18
2019,6,7,25_29,381160,12
2019,6,8,30_34,364470,21
2019,6,9,35_39,329190,15
2019,6,10,40_44,305170,30
2019,6,11,45_49,332480,51
2019,6,12,50_54,323690,81
2019,6,13,55_59,325010,120
2019,6,14,60_64,285710,150
2019,6,15,65_69,244260,213
2019,6,16,70_74,207910,276
2019,6,17,75_79,143530,366
2019,6,18,80_84,93870,396
2019,6,19,85_89,55150,507
2019,6,20,95_,32200,567
2019,7,1,00_00,60260,24
2019,7,3,05_09,328930,3
2019,7,4,10_14,327010,3
2019,7,5,15_19,317330,12
2019,7,6,20_24,337050,15
2019,7,7,25_29,381160,18
2019,7,8,30_34,364470,21
2019,7,9,35_39,329190,30
2019,7,10,40_44,305170,39
2019,7,11,45_49,332480,51
2019,7,12,50_54,323690,84
2019,7,13,55_59,325010,114
2019,7,14,60_64,285710,183
2019,7,15,65_69,244260,246
2019,7,16,70_74,207910,339
2019,7,17,75_79,143530,435
2019,7,18,80_84,93870,519
2019,7,19,85_89,55150,624
2019,7,20,95_,32200,780
2019,8,1,00_00,60260,24
2019,8,2,01_04,246080,3
2019,8,4,10_14,327010,3
2019,8,5,15_19,317330,6
2019,8,6,20_24,337050,12
2019,8,7,25_29,381160,12
2019,8,8,30_34,364470,24
2019,8,9,35_39,329190,24
2019,8,10,40_44,305170,27
2019,8,11,45_49,332480,69
2019,8,12,50_54,323690,96
2019,8,13,55_59,325010,120
2019,8,14,60_64,285710,153
2019,8,15,65_69,244260,222
2019,8,16,70_74,207910,315
2019,8,17,75_79,143530,339
2019,8,18,80_84,93870,459
2019,8,19,85_89,55150,549
2019,8,20,95_,32200,645
2019,9,1,00_00,60260,15
2019,9,2,01_04,246080,9
2019,9,4,10_14,327010,3
2019,9,5,15_19,317330,6
2019,9,6,20_24,337050,12
2019,9,7,25_29,381160,9
2019,9,8,30_34,364470,27
2019,9,9,35_39,329190,27
2019,9,10,40_44,305170,24
2019,9,11,45_49,332480,42
2019,9,12,50_54,323690,99
2019,9,13,55_59,325010,126
2019,9,14,60_64,285710,150
2019,9,15,65_69,244260,201
2019,9,16,70_74,207910,294
2019,9,17,75_79,143530,384
2019,9,18,80_84,93870,396
2019,9,19,85_89,55150,513
2019,9,20,95_,32200,573
2019,10,1,00_00,60260,27
2019,10,2,01_04,246080,9
2019,10,3,05_09,328930,6
2019,10,4,10_14,327010,3
2019,10,5,15_19,317330,15
2019,10,6,20_24,337050,24
2019,10,7,25_29,381160,21
2019,10,8,30_34,364470,21
2019,10,9,35_39,329190,27
2019,10,10,40_44,305170,33
2019,10,11,45_49,332480,57
2019,10,12,50_54,323690,66
2019,10,13,55_59,325010,111
2019,10,14,60_64,285710,159
2019,10,15,65_69,244260,204
2019,10,16,70_74,207910,303
2019,10,17,75_79,143530,369
2019,10,18,80_84,93870,429
2019,10,19,85_89,55150,519
2019,10,20,95_,32200,582
2019,11,1,00_00,60260,15
2019,11,2,01_04,246080,3
2019,11,3,05_09,328930,6
2019,11,4,10_14,327010,3
2019,11,5,15_19,317330,12
2019,11,6,20_24,337050,12
2019,11,7,25_29,381160,18
2019,11,8,30_34,364470,27
2019,11,9,35_39,329190,18
2019,11,10,40_44,305170,39
2019,11,11,45_49,332480,63
2019,11,12,50_54,323690,72
2019,11,13,55_59,325010,120
2019,11,14,60_64,285710,123
2019,11,15,65_69,244260,207
2019,11,16,70_74,207910,237
2019,11,17,75_79,143530,321
2019,11,18,80_84,93870,381
2019,11,19,85_89,55150,465
2019,11,20,95_,32200,537
2019,12,1,00_00,60260,18
2019,12,2,01_04,246080,6
2019,12,4,10_14,327010,3
2019,12,5,15_19,317330,18
2019,12,6,20_24,337050,21
2019,12,7,25_29,381160,18
2019,12,8,30_34,364470,33
2019,12,9,35_39,329190,18
2019,12,10,40_44,305170,27
2019,12,11,45_49,332480,57
2019,12,12,50_54,323690,93
2019,12,13,55_59,325010,123
2019,12,14,60_64,285710,165
2019,12,15,65_69,244260,186
2019,12,16,70_74,207910,264
2019,12,17,75_79,143530,321
2019,12,18,80_84,93870,369
2019,12,19,85_89,55150,462
2019,12,20,95_,32200,498
2020,1,1,00_00,59050,15
2020,1,2,01_04,245880,6
2020,1,4,10_14,335150,3
2020,1,5,15_19,314620,6
2020,1,6,20_24,335740,18
2020,1,7,25_29,377070,12
2020,1,8,30_34,379480,21
2020,1,9,35_39,337640,18
2020,1,10,40_44,310400,39
2020,1,11,45_49,327250,75
2020,1,12,50_54,328370,75
2020,1,13,55_59,325600,126
2020,1,14,60_64,294570,159
2020,1,15,65_69,250250,201
2020,1,16,70_74,216710,279
2020,1,17,75_79,148650,348
2020,1,18,80_84,100870,390
2020,1,19,85_89,55700,444
2020,1,20,95_,33970,498
2020,2,1,00_00,59050,24
2020,2,3,05_09,326740,3
2020,2,4,10_14,335150,3
2020,2,5,15_19,314620,12
2020,2,6,20_24,335740,18
2020,2,7,25_29,377070,24
2020,2,8,30_34,379480,21
2020,2,9,35_39,337640,24
2020,2,10,40_44,310400,30
2020,2,11,45_49,327250,54
2020,2,12,50_54,328370,81
2020,2,13,55_59,325600,108
2020,2,14,60_64,294570,153
2020,2,15,65_69,250250,165
2020,2,16,70_74,216710,225
2020,2,17,75_79,148650,288
2020,2,18,80_84,100870,366
2020,2,19,85_89,55700,399
2020,2,20,95_,33970,483
2020,3,1,00_00,59050,18
2020,3,2,01_04,245880,3
2020,3,3,05_09,326740,3
2020,3,4,10_14,335150,3
2020,3,5,15_19,314620,15
2020,3,6,20_24,335740,12
2020,3,7,25_29,377070,21
2020,3,8,30_34,379480,24
2020,3,9,35_39,337640,27
2020,3,10,40_44,310400,39
2020,3,11,45_49,327250,51
2020,3,12,50_54,328370,69
2020,3,13,55_59,325600,108
2020,3,14,60_64,294570,129
2020,3,15,65_69,250250,228
2020,3,16,70_74,216710,261
2020,3,17,75_79,148650,342
2020,3,18,80_84,100870,423
2020,3,19,85_89,55700,453
2020,3,20,95_,33970,570
2020,4,1,00_00,59050,24
2020,4,3,05_09,326740,3
2020,4,4,10_14,335150,3
2020,4,5,15_19,314620,6
2020,4,6,20_24,335740,6
2020,4,7,25_29,377070,12
2020,4,8,30_34,379480,12
2020,4,9,35_39,337640,24
2020,4,10,40_44,310400,33
2020,4,11,45_49,327250,51
2020,4,12,50_54,328370,69
2020,4,13,55_59,325600,105
2020,4,14,60_64,294570,123
2020,4,15,65_69,250250,189
2020,4,16,70_74,216710,258
2020,4,17,75_79,148650,354
2020,4,18,80_84,100870,411
2020,4,19,85_89,55700,420
2020,4,20,95_,33970,528
2020,5,1,00_00,59050,12
2020,5,4,10_14,335150,3
2020,5,5,15_19,314620,9
2020,5,6,20_24,335740,12
2020,5,7,25_29,377070,18
2020,5,8,30_34,379480,12
2020,5,9,35_39,337640,15
2020,5,10,40_44,310400,21
2020,5,11,45_49,327250,48
2020,5,12,50_54,328370,69
2020,5,13,55_59,325600,123
2020,5,14,60_64,294570,150
2020,5,15,65_69,250250,195
2020,5,16,70_74,216710,270
2020,5,17,75_79,148650,306
2020,5,18,80_84,100870,387
2020,5,19,85_89,55700,438
2020,5,20,95_,33970,528
2020,6,1,00_00,59050,30
2020,6,2,01_04,245880,6
2020,6,3,05_09,326740,3
2020,6,4,10_14,335150,3
2020,6,5,15_19,314620,12
2020,6,6,20_24,335740,15
2020,6,7,25_29,377070,18
2020,6,8,30_34,379480,9
2020,6,9,35_39,337640,21
2020,6,10,40_44,310400,30
2020,6,11,45_49,327250,42
2020,6,12,50_54,328370,81
2020,6,13,55_59,325600,123
2020,6,14,60_64,294570,156
2020,6,15,65_69,250250,213
2020,6,16,70_74,216710,270
2020,6,17,75_79,148650,339
2020,6,18,80_84,100870,417
2020,6,19,85_89,55700,456
2020,6,20,95_,33970,570
2020,7,1,00_00,59050,18
2020,7,2,01_04,245880,3
2020,7,3,05_09,326740,3
2020,7,4,10_14,335150,3
2020,7,5,15_19,314620,6
2020,7,6,20_24,335740,15
2020,7,7,25_29,377070,15
2020,7,8,30_34,379480,12
2020,7,9,35_39,337640,24
2020,7,10,40_44,310400,27
2020,7,11,45_49,327250,36
2020,7,12,50_54,328370,84
2020,7,13,55_59,325600,117
2020,7,14,60_64,294570,153
2020,7,15,65_69,250250,210
2020,7,16,70_74,216710,276
2020,7,17,75_79,148650,387
2020,7,18,80_84,100870,420
2020,7,19,85_89,55700,450
2020,7,20,95_,33970,591
2020,8,1,00_00,59050,15
2020,8,2,01_04,245880,3
2020,8,4,10_14,335150,6
2020,8,5,15_19,314620,9
2020,8,6,20_24,335740,12
2020,8,7,25_29,377070,21
2020,8,8,30_34,379480,15
2020,8,9,35_39,337640,21
2020,8,10,40_44,310400,27
2020,8,11,45_49,327250,45
2020,8,12,50_54,328370,63
2020,8,13,55_59,325600,96
2020,8,14,60_64,294570,129
2020,8,15,65_69,250250,189
2020,8,16,70_74,216710,297
2020,8,17,75_79,148650,351
2020,8,18,80_84,100870,405
2020,8,19,85_89,55700,450
2020,8,20,95_,33970,564
2020,9,1,00_00,59050,24
2020,9,2,01_04,245880,6
2020,9,3,05_09,326740,3
2020,9,4,10_14,335150,6
2020,9,5,15_19,314620,9
2020,9,6,20_24,335740,9
2020,9,7,25_29,377070,18
2020,9,8,30_34,379480,24
2020,9,9,35_39,337640,24
2020,9,10,40_44,310400,30
2020,9,11,45_49,327250,30
2020,9,12,50_54,328370,84
2020,9,13,55_59,325600,111
2020,9,14,60_64,294570,183
2020,9,15,65_69,250250,207
2020,9,16,70_74,216710,300
2020,9,17,75_79,148650,339
2020,9,18,80_84,100870,402
2020,9,19,85_89,55700,459
2020,9,20,95_,33970,540
2020,10,1,00_00,59050,15
2020,10,2,01_04,245880,3
2020,10,3,05_09,326740,3
2020,10,4,10_14,335150,3
2020,10,5,15_19,314620,15
2020,10,6,20_24,335740,15
2020,10,7,25_29,377070,18
2020,10,8,30_34,379480,18
2020,10,9,35_39,337640,24
2020,10,10,40_44,310400,30
2020,10,11,45_49,327250,60
2020,10,12,50_54,328370,72
2020,10,13,55_59,325600,123
2020,10,14,60_64,294570,159
2020,10,15,65_69,250250,213
2020,10,16,70_74,216710,294
2020,10,17,75_79,148650,315
2020,10,18,80_84,100870,417
2020,10,19,85_89,55700,444
2020,10,20,95_,33970,489
2020,11,1,00_00,59050,15
2020,11,4,10_14,335150,6
2020,11,5,15_19,314620,9
2020,11,6,20_24,335740,18
2020,11,7,25_29,377070,15
2020,11,8,30_34,379480,15
2020,11,9,35_39,337640,15
2020,11,10,40_44,310400,27
2020,11,11,45_49,327250,60
2020,11,12,50_54,328370,90
2020,11,13,55_59,325600,126
2020,11,14,60_64,294570,153
2020,11,15,65_69,250250,192
2020,11,16,70_74,216710,273
2020,11,17,75_79,148650,318
2020,11,18,80_84,100870,381
2020,11,19,85_89,55700,429
2020,11,20,95_,33970,489
2020,12,1,00_00,59050,15
2020,12,2,01_04,245880,3
2020,12,4,10_14,335150,6
2020,12,5,15_19,314620,15
2020,12,6,20_24,335740,15
2020,12,7,25_29,377070,15
2020,12,8,30_34,379480,21
2020,12,9,35_39,337640,30
2020,12,10,40_44,310400,30
2020,12,11,45_49,327250,57
2020,12,12,50_54,328370,84
2020,12,13,55_59,325600,132
2020,12,14,60_64,294570,153
2020,12,15,65_69,250250,222
2020,12,16,70_74,216710,270
2020,12,17,75_79,148650,345
2020,12,18,80_84,100870,423
2020,12,19,85_89,55700,450
2020,12,20,95_,33970,591
2021,1,1,00_00,62350,24
2021,1,2,01_04,242500,3
2021,1,4,10_14,338290,3
2021,1,5,15_19,313340,18
2021,1,6,20_24,326750,18
2021,1,7,25_29,362050,15
2021,1,8,30_34,386130,18
2021,1,9,35_39,343560,27
2021,1,10,40_44,314010,36
2021,1,11,45_49,318720,45
2021,1,12,50_54,332600,78
2021,1,13,55_59,321880,117
2021,1,14,60_64,300490,159
2021,1,15,65_69,255240,195
2021,1,16,70_74,219440,312
2021,1,17,75_79,155730,333
2021,1,18,80_84,107060,423
2021,1,19,85_89,57240,477
2021,1,20,95_,34800,537
2021,2,1,00_00,62350,21
2021,2,3,05_09,324300,6
2021,2,4,10_14,338290,6
2021,2,5,15_19,313340,6
2021,2,6,20_24,326750,9
2021,2,7,25_29,362050,15
2021,2,8,30_34,386130,15
2021,2,9,35_39,343560,24
2021,2,10,40_44,314010,33
2021,2,11,45_49,318720,48
2021,2,12,50_54,332600,78
2021,2,13,55_59,321880,102
2021,2,14,60_64,300490,153
2021,2,15,65_69,255240,192
2021,2,16,70_74,219440,267
2021,2,17,75_79,155730,273
2021,2,18,80_84,107060,375
2021,2,19,85_89,57240,384
2021,2,20,95_,34800,492
2021,3,1,00_00,62350,21
2021,3,2,01_04,242500,3
2021,3,3,05_09,324300,3
2021,3,5,15_19,313340,9
2021,3,6,20_24,326750,24
2021,3,7,25_29,362050,30
2021,3,8,30_34,386130,21
2021,3,9,35_39,343560,30
2021,3,10,40_44,314010,36
2021,3,11,45_49,318720,54
2021,3,12,50_54,332600,87
2021,3,13,55_59,321880,126
2021,3,14,60_64,300490,165
2021,3,15,65_69,255240,195
2021,3,16,70_74,219440,285
2021,3,17,75_79,155730,336
2021,3,18,80_84,107060,444
2021,3,19,85_89,57240,453
2021,3,20,95_,34800,582
2021,4,1,00_00,62350,18
2021,4,2,01_04,242500,6
2021,4,4,10_14,338290,3
2021,4,6,20_24,326750,12
2021,4,7,25_29,362050,12
2021,4,8,30_34,386130,21
2021,4,9,35_39,343560,27
2021,4,10,40_44,314010,33
2021,4,11,45_49,318720,39
2021,4,12,50_54,332600,84
2021,4,13,55_59,321880,114
2021,4,14,60_64,300490,150
2021,4,15,65_69,255240,180
2021,4,16,70_74,219440,252
2021,4,17,75_79,155730,336
2021,4,18,80_84,107060,417
2021,4,19,85_89,57240,429
2021,4,20,95_,34800,555
2021,5,1,00_00,62350,24
2021,5,2,01_04,242500,9
2021,5,4,10_14,338290,6
2021,5,5,15_19,313340,12
2021,5,6,20_24,326750,12
2021,5,7,25_29,362050,12
2021,5,8,30_34,386130,30
2021,5,9,35_39,343560,21
2021,5,10,40_44,314010,36
2021,5,11,45_49,318720,48
2021,5,12,50_54,332600,78
2021,5,13,55_59,321880,117
2021,5,14,60_64,300490,156
2021,5,15,65_69,255240,213
2021,5,16,70_74,219440,297
2021,5,17,75_79,155730,351
2021,5,18,80_84,107060,450
2021,5,19,85_89,57240,477
2021,5,20,95_,34800,579
2021,6,1,00_00,62350,36
2021,6,2,01_04,242500,6
2021,6,4,10_14,338290,6
2021,6,5,15_19,313340,3
2021,6,6,20_24,326750,9
2021,6,7,25_29,362050,18
2021,6,8,30_34,386130,18
2021,6,9,35_39,343560,24
2021,6,10,40_44,314010,36
2021,6,11,45_49,318720,54
2021,6,12,50_54,332600,78
2021,6,13,55_59,321880,120
2021,6,14,60_64,300490,153
2021,6,15,65_69,255240,231
2021,6,16,70_74,219440,300
2021,6,17,75_79,155730,351
2021,6,18,80_84,107060,468
2021,6,19,85_89,57240,504
2021,6,20,95_,34800,621
2021,7,1,00_00,62350,21
2021,7,2,01_04,242500,6
2021,7,3,05_09,324300,6
2021,7,4,10_14,338290,6
2021,7,5,15_19,313340,6
2021,7,6,20_24,326750,15
2021,7,7,25_29,362050,18
2021,7,8,30_34,386130,21
2021,7,9,35_39,343560,24
2021,7,10,40_44,314010,30
2021,7,11,45_49,318720,45
2021,7,12,50_54,332600,75
2021,7,13,55_59,321880,111
2021,7,14,60_64,300490,162
2021,7,15,65_69,255240,213
2021,7,16,70_74,219440,306
2021,7,17,75_79,155730,399
2021,7,18,80_84,107060,504
2021,7,19,85_89,57240,534
2021,7,20,95_,34800,690
2021,8,1,00_00,62350,24
2021,8,2,01_04,242500,6
2021,8,4,10_14,338290,3
2021,8,5,15_19,313340,15
2021,8,6,20_24,326750,9
2021,8,7,25_29,362050,15
2021,8,8,30_34,386130,15
2021,8,9,35_39,343560,21
2021,8,10,40_44,314010,33
2021,8,11,45_49,318720,42
2021,8,12,50_54,332600,75
2021,8,13,55_59,321880,126
2021,8,14,60_64,300490,168
2021,8,15,65_69,255240,249
2021,8,16,70_74,219440,312
2021,8,17,75_79,155730,405
2021,8,18,80_84,107060,507
2021,8,19,85_89,57240,519
2021,8,20,95_,34800,669
2021,9,1,00_00,62350,30
2021,9,2,01_04,242500,3
2021,9,4,10_14,338290,3
2021,9,5,15_19,313340,15
2021,9,6,20_24,326750,12
2021,9,7,25_29,362050,9
2021,9,8,30_34,386130,12
2021,9,9,35_39,343560,21
2021,9,10,40_44,314010,27
2021,9,11,45_49,318720,45
2021,9,12,50_54,332600,81
2021,9,13,55_59,321880,114
2021,9,14,60_64,300490,174
2021,9,15,65_69,255240,246
2021,9,16,70_74,219440,288
2021,9,17,75_79,155730,360
2021,9,18,80_84,107060,447
2021,9,19,85_89,57240,486
2021,9,20,95_,34800,717
2021,10,1,00_00,62350,18
2021,10,2,01_04,242500,3
2021,10,4,10_14,338290,3
2021,10,5,15_19,313340,12
2021,10,6,20_24,326750,21
2021,10,7,25_29,362050,15
2021,10,8,30_34,386130,21
2021,10,9,35_39,343560,21
2021,10,10,40_44,314010,27
2021,10,11,45_49,318720,42
2021,10,12,50_54,332600,69
2021,10,13,55_59,321880,126
2021,10,14,60_64,300490,162
2021,10,15,65_69,255240,186
2021,10,16,70_74,219440,261
2021,10,17,75_79,155730,312
2021,10,18,80_84,107060,447
2021,10,19,85_89,57240,435
2021,10,20,95_,34800,570
2021,11,1,00_00,62350,12
2021,11,2,01_04,242500,3
2021,11,3,05_09,324300,6
2021,11,4,10_14,338290,3
2021,11,5,15_19,313340,12
2021,11,6,20_24,326750,21
2021,11,7,25_29,362050,21
2021,11,8,30_34,386130,15
2021,11,9,35_39,343560,24
2021,11,10,40_44,314010,42
2021,11,11,45_49,318720,45
2021,11,12,50_54,332600,99
2021,11,13,55_59,321880,108
2021,11,14,60_64,300490,156
2021,11,15,65_69,255240,213
2021,11,16,70_74,219440,294
2021,11,17,75_79,155730,375
2021,11,18,80_84,107060,423
2021,11,19,85_89,57240,507
2021,11,20,95_,34800,573
2021,12,1,00_00,62350,21
2021,12,2,01_04,242500,6
2021,12,3,05_09,324300,3
2021,12,5,15_19,313340,9
2021,12,6,20_24,326750,21
2021,12,7,25_29,362050,12
2021,12,8,30_34,386130,27
2021,12,9,35_39,343560,24
2021,12,10,40_44,314010,27
2021,12,11,45_49,318720,45
2021,12,12,50_54,332600,93
2021,12,13,55_59,321880,123
2021,12,14,60_64,300490,162
2021,12,15,65_69,255240,186
2021,12,16,70_74,219440,306
2021,12,17,75_79,155730,375
2021,12,18,80_84,107060,420
2021,12,19,85_89,57240,456
2021,12,20,95_,34800,567
2022,1,1,00_00,57700,15
2022,1,2,01_04,244290,9
2022,1,3,05_09,321430,3
2022,1,4,10_14,341220,9
2022,1,5,15_19,320550,12
2022,1,6,20_24,322250,15
2022,1,7,25_29,353740,21
2022,1,8,30_34,394980,24
2022,1,9,35_39,355070,27
2022,1,10,40_44,323510,27
2022,1,11,45_49,311970,60
2022,1,12,50_54,336050,84
2022,1,13,55_59,317980,126
2022,1,14,60_64,307500,165
2022,1,15,65_69,260590,207
2022,1,16,70_74,221100,300
2022,1,17,75_79,166120,357
2022,1,18,80_84,111010,432
2022,1,19,85_89,58940,405
2022,1,20,95_,34530,603
2022,2,1,00_00,57700,18
2022,2,4,10_14,341220,3
2022,2,5,15_19,320550,12
2022,2,6,20_24,322250,9
2022,2,7,25_29,353740,21
2022,2,8,30_34,394980,18
2022,2,9,35_39,355070,30
2022,2,10,40_44,323510,24
2022,2,11,45_49,311970,45
2022,2,12,50_54,336050,72
2022,2,13,55_59,317980,117
2022,2,14,60_64,307500,153
2022,2,15,65_69,260590,189
2022,2,16,70_74,221100,246
2022,2,17,75_79,166120,321
2022,2,18,80_84,111010,408
2022,2,19,85_89,58940,402
2022,2,20,95_,34530,519
2022,3,1,00_00,57700,12
2022,3,3,05_09,321430,3
2022,3,5,15_19,320550,9
2022,3,6,20_24,322250,15
2022,3,7,25_29,353740,21
2022,3,8,30_34,394980,18
2022,3,9,35_39,355070,27
2022,3,10,40_44,323510,33
2022,3,11,45_49,311970,69
2022,3,12,50_54,336050,81
2022,3,13,55_59,317980,132
2022,3,14,60_64,307500,183
2022,3,15,65_69,260590,228
2022,3,16,70_74,221100,297
2022,3,17,75_79,166120,393
2022,3,18,80_84,111010,507
2022,3,19,85_89,58940,516
2022,3,20,95_,34530,675
2022,4,1,00_00,57700,18
2022,4,4,10_14,341220,3
2022,4,5,15_19,320550,6
2022,4,6,20_24,322250,18
2022,4,7,25_29,353740,27
2022,4,8,30_34,394980,24
2022,4,9,35_39,355070,27
2022,4,10,40_44,323510,27
2022,4,11,45_49,311970,39
2022,4,12,50_54,336050,75
2022,4,13,55_59,317980,105
2022,4,14,60_64,307500,186
2022,4,15,65_69,260590,201
2022,4,16,70_74,221100,279
2022,4,17,75_79,166120,387
2022,4,18,80_84,111010,492
2022,4,19,85_89,58940,468
2022,4,20,95_,34530,660
2022,5,1,00_00,57700,24
2022,5,2,01_04,244290,3
2022,5,3,05_09,321430,3
2022,5,4,10_14,341220,3
2022,5,5,15_19,320550,9
2022,5,6,20_24,322250,15
2022,5,7,25_29,353740,18
2022,5,8,30_34,394980,21
2022,5,9,35_39,355070,18
2022,5,10,40_44,323510,39
2022,5,11,45_49,311970,54
2022,5,12,50_54,336050,93
2022,5,13,55_59,317980,147
2022,5,14,60_64,307500,162
2022,5,15,65_69,260590,255
2022,5,16,70_74,221100,357
2022,5,17,75_79,166120,399
2022,5,18,80_84,111010,501
2022,5,19,85_89,58940,582
2022,5,20,95_,34530,744
2022,6,1,00_00,57700,21
2022,6,2,01_04,244290,6
2022,6,3,05_09,321430,3
2022,6,4,10_14,341220,3
2022,6,5,15_19,320550,12
2022,6,6,20_24,322250,18
2022,6,7,25_29,353740,21
2022,6,8,30_34,394980,27
2022,6,9,35_39,355070,18
2022,6,10,40_44,323510,39
2022,6,11,45_49,311970,54
2022,6,12,50_54,336050,87
2022,6,13,55_59,317980,132
2022,6,14,60_64,307500,198
2022,6,15,65_69,260590,228
2022,6,16,70_74,221100,342
2022,6,17,75_79,166120,438
2022,6,18,80_84,111010,573
2022,6,19,85_89,58940,561
2022,6,20,95_,34530,726
2022,7,1,00_00,57700,15
2022,7,2,01_04,244290,3
2022,7,5,15_19,320550,9
2022,7,6,20_24,322250,18
2022,7,7,25_29,353740,12
2022,7,8,30_34,394980,21
2022,7,9,35_39,355070,15
2022,7,10,40_44,323510,36
2022,7,11,45_49,311970,54
2022,7,12,50_54,336050,93
2022,7,13,55_59,317980,132
2022,7,14,60_64,307500,165
2022,7,15,65_69,260590,234
2022,7,16,70_74,221100,318
2022,7,17,75_79,166120,441
2022,7,18,80_84,111010,564
2022,7,19,85_89,58940,585
2022,7,20,95_,34530,828
2022,8,1,00_00,57700,24
2022,8,2,01_04,244290,3
2022,8,3,05_09,321430,6
2022,8,4,10_14,341220,6
2022,8,5,15_19,320550,6
2022,8,6,20_24,322250,18
2022,8,7,25_29,353740,15
2022,8,8,30_34,394980,21
2022,8,9,35_39,355070,18
2022,8,10,40_44,323510,39
2022,8,11,45_49,311970,48
2022,8,12,50_54,336050,93
2022,8,13,55_59,317980,129
2022,8,14,60_64,307500,204
2022,8,15,65_69,260590,285
2022,8,16,70_74,221100,378
2022,8,17,75_79,166120,501
2022,8,18,80_84,111010,618
2022,8,19,85_89,58940,663
2022,8,20,95_,34530,897
2022,9,1,00_00,57700,12
2022,9,3,05_09,321430,3
2022,9,5,15_19,320550,9
2022,9,6,20_24,322250,15
2022,9,7,25_29,353740,15
2022,9,8,30_34,394980,24
2022,9,9,35_39,355070,27
2022,9,10,40_44,323510,42
2022,9,11,45_49,311970,42
2022,9,12,50_54,336050,78
2022,9,13,55_59,317980,114
2022,9,14,60_64,307500,198
2022,9,15,65_69,260590,237
2022,9,16,70_74,221100,321
2022,9,17,75_79,166120,432
2022,9,18,80_84,111010,501
2022,9,19,85_89,58940,519
2022,9,20,95_,34530,699
2022,10,1,00_00,57700,15
2022,10,2,01_04,244290,3
2022,10,3,05_09,321430,3
2022,10,5,15_19,320550,6
2022,10,6,20_24,322250,12
2022,10,7,25_29,353740,15
2022,10,8,30_34,394980,9
2022,10,9,35_39,355070,24
2022,10,10,40_44,323510,18
2022,10,11,45_49,311970,51
2022,10,12,50_54,336050,66
2022,10,13,55_59,317980,123
2022,10,14,60_64,307500,177
2022,10,15,65_69,260590,222
2022,10,16,70_74,221100,300
2022,10,17,75_79,166120,375
2022,10,18,80_84,111010,483
2022,10,19,85_89,58940,525
2022,10,20,95_,34530,588
2022,11,1,00_00,57700,12
2022,11,2,01_04,244290,9
2022,11,4,10_14,341220,6
2022,11,5,15_19,320550,12
2022,11,6,20_24,322250,15
2022,11,7,25_29,353740,24
2022,11,8,30_34,394980,30
2022,11,9,35_39,355070,24
2022,11,10,40_44,323510,30
2022,11,11,45_49,311970,54
2022,11,12,50_54,336050,93
2022,11,13,55_59,317980,129
2022,11,14,60_64,307500,204
2022,11,15,65_69,260590,219
2022,11,16,70_74,221100,291
2022,11,17,75_79,166120,396
2022,11,18,80_84,111010,462
2022,11,19,85_89,58940,522
2022,11,20,95_,34530,606
2022,12,1,00_00,57700,24
2022,12,2,01_04,244290,3
2022,12,4,10_14,341220,3
2022,12,5,15_19,320550,6
2022,12,6,20_24,322250,18
2022,12,7,25_29,353740,12
2022,12,8,30_34,394980,21
2022,12,9,35_39,355070,27
2022,12,10,40_44,323510,21
2022,12,11,45_49,311970,36
2022,12,12,50_54,336050,87
2022,12,13,55_59,317980,129
2022,12,14,60_64,307500,159
2022,12,15,65_69,260590,234
2022,12,16,70_74,221100,252
2022,12,17,75_79,166120,396
2022,12,18,80_84,111010,459
2022,12,19,85_89,58940,483
2022,12,20,95_,34530,603
